model_key,context_length,compression_ratio,layer,lag,overlap_mean,overlap_std,jaccard_mean,sample_count
mistral_7b_instruct_v03,8192,0.3,0,1,0.9391740560531616,,0.8862448930740356,1
mistral_7b_instruct_v03,8192,0.3,0,2,0.9198489785194396,,0.8523848652839661,1
mistral_7b_instruct_v03,8192,0.3,0,4,0.9066232442855836,,0.8299849629402161,1
mistral_7b_instruct_v03,8192,0.3,0,8,0.9088101387023926,,0.8339754343032837,1
mistral_7b_instruct_v03,8192,0.3,0,16,0.8945227861404419,,0.810809314250946,1
mistral_7b_instruct_v03,8192,0.3,0,32,0.8961398005485535,,0.8146933913230896,1
mistral_7b_instruct_v03,8192,0.3,0,64,0.8780679106712341,,0.7877624034881592,1
mistral_7b_instruct_v03,8192,0.3,0,128,0.8588711619377136,,0.7620933055877686,1
mistral_7b_instruct_v03,8192,0.3,0,256,0.8461208939552307,,0.7513650059700012,1
mistral_7b_instruct_v03,8192,0.3,0,512,0.8032992482185364,,0.7032436728477478,1
mistral_7b_instruct_v03,8192,0.3,0,1024,0.7586169242858887,,0.6679310202598572,1
mistral_7b_instruct_v03,8192,0.3,1,1,0.9308958053588868,,0.8711512088775635,1
mistral_7b_instruct_v03,8192,0.3,1,2,0.8946295976638794,,0.8098465800285339,1
mistral_7b_instruct_v03,8192,0.3,1,4,0.8664402961730957,,0.7648783922195435,1
mistral_7b_instruct_v03,8192,0.3,1,8,0.8645496964454651,,0.7621373534202576,1
mistral_7b_instruct_v03,8192,0.3,1,16,0.8409495949745178,,0.7267618775367737,1
mistral_7b_instruct_v03,8192,0.3,1,32,0.8442466259002686,,0.7328162789344788,1
mistral_7b_instruct_v03,8192,0.3,1,64,0.8254791498184204,,0.707134485244751,1
mistral_7b_instruct_v03,8192,0.3,1,128,0.789286732673645,,0.6595595479011536,1
mistral_7b_instruct_v03,8192,0.3,1,256,0.7953935265541077,,0.6757842302322388,1
mistral_7b_instruct_v03,8192,0.3,1,512,0.7433076500892639,,0.6181976199150085,1
mistral_7b_instruct_v03,8192,0.3,1,1024,0.712367594242096,,0.6026073694229126,1
mistral_7b_instruct_v03,8192,0.3,2,1,0.9252383708953856,,0.8615175485610962,1
mistral_7b_instruct_v03,8192,0.3,2,2,0.9010788798332214,,0.8206193447113037,1
mistral_7b_instruct_v03,8192,0.3,2,4,0.8832354545593262,,0.7915564179420471,1
mistral_7b_instruct_v03,8192,0.3,2,8,0.8712771534919739,,0.7728203535079956,1
mistral_7b_instruct_v03,8192,0.3,2,16,0.8576518893241882,,0.7522074580192566,1
mistral_7b_instruct_v03,8192,0.3,2,32,0.8462823629379272,,0.7359924912452698,1
mistral_7b_instruct_v03,8192,0.3,2,64,0.8351463675498962,,0.7214676141738892,1
mistral_7b_instruct_v03,8192,0.3,2,128,0.8025391697883606,,0.678210973739624,1
mistral_7b_instruct_v03,8192,0.3,2,256,0.7919734120368958,,0.6709933876991272,1
mistral_7b_instruct_v03,8192,0.3,2,512,0.7543869018554688,,0.6333199143409729,1
mistral_7b_instruct_v03,8192,0.3,2,1024,0.7164570689201355,,0.6082377433776855,1
mistral_7b_instruct_v03,8192,0.3,3,1,0.9270692467689514,,0.8649373054504395,1
mistral_7b_instruct_v03,8192,0.3,3,2,0.9042676091194152,,0.8261173963546753,1
mistral_7b_instruct_v03,8192,0.3,3,4,0.8859348297119141,,0.7960308790206909,1
mistral_7b_instruct_v03,8192,0.3,3,8,0.8751111030578613,,0.7789526581764221,1
mistral_7b_instruct_v03,8192,0.3,3,16,0.861096978187561,,0.7576209902763367,1
mistral_7b_instruct_v03,8192,0.3,3,32,0.8496420383453369,,0.7411751747131348,1
mistral_7b_instruct_v03,8192,0.3,3,64,0.8363292813301086,,0.7233233451843262,1
mistral_7b_instruct_v03,8192,0.3,3,128,0.8106650710105896,,0.6899024248123169,1
mistral_7b_instruct_v03,8192,0.3,3,256,0.8000861406326294,,0.6826187968254089,1
mistral_7b_instruct_v03,8192,0.3,3,512,0.7551374435424805,,0.6343877911567688,1
mistral_7b_instruct_v03,8192,0.3,3,1024,0.7143687009811401,,0.6054011583328247,1
mistral_7b_instruct_v03,8192,0.3,4,1,0.9302048683166504,,0.8709440231323242,1
mistral_7b_instruct_v03,8192,0.3,4,2,0.9117900729179382,,0.8394178748130798,1
mistral_7b_instruct_v03,8192,0.3,4,4,0.8991063833236694,,0.8181707859039307,1
mistral_7b_instruct_v03,8192,0.3,4,8,0.890810489654541,,0.8047272562980652,1
mistral_7b_instruct_v03,8192,0.3,4,16,0.8820357322692871,,0.7910467386245728,1
mistral_7b_instruct_v03,8192,0.3,4,32,0.8659509420394897,,0.7666866779327393,1
mistral_7b_instruct_v03,8192,0.3,4,64,0.8519816994667053,,0.7473142147064209,1
mistral_7b_instruct_v03,8192,0.3,4,128,0.8400923013687134,,0.7336141467094421,1
mistral_7b_instruct_v03,8192,0.3,4,256,0.8172655701637268,,0.7079738974571228,1
mistral_7b_instruct_v03,8192,0.3,4,512,0.7843075394630432,,0.6757209897041321,1
mistral_7b_instruct_v03,8192,0.3,4,1024,0.7314040660858154,,0.6292581558227539,1
mistral_7b_instruct_v03,8192,0.3,5,1,0.9300720691680908,,0.8700910210609436,1
mistral_7b_instruct_v03,8192,0.3,5,2,0.9101036190986632,,0.8359842300415039,1
mistral_7b_instruct_v03,8192,0.3,5,4,0.8895992040634155,,0.8020777702331543,1
mistral_7b_instruct_v03,8192,0.3,5,8,0.8710917234420776,,0.7727013826370239,1
mistral_7b_instruct_v03,8192,0.3,5,16,0.8720067739486694,,0.7747583985328674,1
mistral_7b_instruct_v03,8192,0.3,5,32,0.8563509583473206,,0.7515476942062378,1
mistral_7b_instruct_v03,8192,0.3,5,64,0.837995171546936,,0.7259670495986938,1
mistral_7b_instruct_v03,8192,0.3,5,128,0.8191559910774231,,0.7023166418075562,1
mistral_7b_instruct_v03,8192,0.3,5,256,0.7973232269287109,,0.678825855255127,1
mistral_7b_instruct_v03,8192,0.3,5,512,0.7635936737060547,,0.646192729473114,1
mistral_7b_instruct_v03,8192,0.3,5,1024,0.7117928266525269,,0.6020607948303223,1
mistral_7b_instruct_v03,8192,0.3,6,1,0.9194545745849608,,0.8523178100585938,1
mistral_7b_instruct_v03,8192,0.3,6,2,0.898332417011261,,0.817045271396637,1
mistral_7b_instruct_v03,8192,0.3,6,4,0.8839828968048096,,0.7936974167823792,1
mistral_7b_instruct_v03,8192,0.3,6,8,0.8760772347450256,,0.7812504768371582,1
mistral_7b_instruct_v03,8192,0.3,6,16,0.8715358972549438,,0.7745804786682129,1
mistral_7b_instruct_v03,8192,0.3,6,32,0.8605788350105286,,0.7585604190826416,1
mistral_7b_instruct_v03,8192,0.3,6,64,0.8500033020973206,,0.7445465326309204,1
mistral_7b_instruct_v03,8192,0.3,6,128,0.8308770656585693,,0.719953179359436,1
mistral_7b_instruct_v03,8192,0.3,6,256,0.8119968771934509,,0.7003956437110901,1
mistral_7b_instruct_v03,8192,0.3,6,512,0.7788740992546082,,0.6680606007575989,1
mistral_7b_instruct_v03,8192,0.3,6,1024,0.7227059602737427,,0.6172220706939697,1
mistral_7b_instruct_v03,8192,0.3,7,1,0.9088150262832642,,0.8345205783843994,1
mistral_7b_instruct_v03,8192,0.3,7,2,0.8885965347290039,,0.801222026348114,1
mistral_7b_instruct_v03,8192,0.3,7,4,0.8749247789382935,,0.7792693972587585,1
mistral_7b_instruct_v03,8192,0.3,7,8,0.8658348917961121,,0.7651166319847107,1
mistral_7b_instruct_v03,8192,0.3,7,16,0.856078028678894,,0.7504784464836121,1
mistral_7b_instruct_v03,8192,0.3,7,32,0.8471289277076721,,0.7379340529441833,1
mistral_7b_instruct_v03,8192,0.3,7,64,0.8335556387901306,,0.7196949124336243,1
mistral_7b_instruct_v03,8192,0.3,7,128,0.8167732954025269,,0.699135422706604,1
mistral_7b_instruct_v03,8192,0.3,7,256,0.7910338640213013,,0.670129656791687,1
mistral_7b_instruct_v03,8192,0.3,7,512,0.7529249787330627,,0.6316587924957275,1
mistral_7b_instruct_v03,8192,0.3,7,1024,0.6977622509002686,,0.5834188461303711,1
mistral_7b_instruct_v03,8192,0.3,8,1,0.9233187437057496,,0.8588875532150269,1
mistral_7b_instruct_v03,8192,0.3,8,2,0.9044297337532043,,0.8269245624542236,1
mistral_7b_instruct_v03,8192,0.3,8,4,0.8885833621025085,,0.8008779883384705,1
mistral_7b_instruct_v03,8192,0.3,8,8,0.8775053024291992,,0.7832209467887878,1
mistral_7b_instruct_v03,8192,0.3,8,16,0.8648415207862854,,0.7638161778450012,1
mistral_7b_instruct_v03,8192,0.3,8,32,0.8490124940872192,,0.7405882477760315,1
mistral_7b_instruct_v03,8192,0.3,8,64,0.8326461315155029,,0.7181690335273743,1
mistral_7b_instruct_v03,8192,0.3,8,128,0.8084032535552979,,0.6869031190872192,1
mistral_7b_instruct_v03,8192,0.3,8,256,0.7880824208259583,,0.6658379435539246,1
mistral_7b_instruct_v03,8192,0.3,8,512,0.7437728047370911,,0.6191561222076416,1
mistral_7b_instruct_v03,8192,0.3,8,1024,0.693457841873169,,0.5776475667953491,1
mistral_7b_instruct_v03,8192,0.3,9,1,0.9168848991394044,,0.8480322957038879,1
mistral_7b_instruct_v03,8192,0.3,9,2,0.8982453346252441,,0.8172003030776978,1
mistral_7b_instruct_v03,8192,0.3,9,4,0.8832232356071472,,0.7928676009178162,1
mistral_7b_instruct_v03,8192,0.3,9,8,0.8730310201644897,,0.776829719543457,1
mistral_7b_instruct_v03,8192,0.3,9,16,0.8662399053573608,,0.7666283845901489,1
mistral_7b_instruct_v03,8192,0.3,9,32,0.857147753238678,,0.7536332607269287,1
mistral_7b_instruct_v03,8192,0.3,9,64,0.8467040061950684,,0.7398681640625,1
mistral_7b_instruct_v03,8192,0.3,9,128,0.8311236500740051,,0.7206614017486572,1
mistral_7b_instruct_v03,8192,0.3,9,256,0.8090952634811401,,0.6964851021766663,1
mistral_7b_instruct_v03,8192,0.3,9,512,0.7717859745025635,,0.6582573056221008,1
mistral_7b_instruct_v03,8192,0.3,9,1024,0.7076281309127808,,0.5968353748321533,1
mistral_7b_instruct_v03,8192,0.3,10,1,0.9232921004295348,,0.8585054278373718,1
mistral_7b_instruct_v03,8192,0.3,10,2,0.9046496152877808,,0.8270253539085388,1
mistral_7b_instruct_v03,8192,0.3,10,4,0.8864443302154541,,0.7972574830055237,1
mistral_7b_instruct_v03,8192,0.3,10,8,0.8728311061859131,,0.7757618427276611,1
mistral_7b_instruct_v03,8192,0.3,10,16,0.8647982478141785,,0.7636503577232361,1
mistral_7b_instruct_v03,8192,0.3,10,32,0.8479009866714478,,0.7388029098510742,1
mistral_7b_instruct_v03,8192,0.3,10,64,0.8318325281143188,,0.716901421546936,1
mistral_7b_instruct_v03,8192,0.3,10,128,0.8079413771629333,,0.6861480474472046,1
mistral_7b_instruct_v03,8192,0.3,10,256,0.7851788401603699,,0.661706805229187,1
mistral_7b_instruct_v03,8192,0.3,10,512,0.7458786964416504,,0.6219127178192139,1
mistral_7b_instruct_v03,8192,0.3,10,1024,0.6827734708786011,,0.563624382019043,1
mistral_7b_instruct_v03,8192,0.3,11,1,0.9163797497749328,,0.8469892144203186,1
mistral_7b_instruct_v03,8192,0.3,11,2,0.8963767290115356,,0.8141006827354431,1
mistral_7b_instruct_v03,8192,0.3,11,4,0.8796296119689941,,0.7872235774993896,1
mistral_7b_instruct_v03,8192,0.3,11,8,0.8684000372886658,,0.7695749402046204,1
mistral_7b_instruct_v03,8192,0.3,11,16,0.8606874346733093,,0.7580502033233643,1
mistral_7b_instruct_v03,8192,0.3,11,32,0.8511091470718384,,0.7444393038749695,1
mistral_7b_instruct_v03,8192,0.3,11,64,0.8405994176864624,,0.7307658195495605,1
mistral_7b_instruct_v03,8192,0.3,11,128,0.8259842395782471,,0.7131529450416565,1
mistral_7b_instruct_v03,8192,0.3,11,256,0.8040720224380493,,0.689325213432312,1
mistral_7b_instruct_v03,8192,0.3,11,512,0.768643856048584,,0.653927206993103,1
mistral_7b_instruct_v03,8192,0.3,11,1024,0.7074559330940247,,0.59671950340271,1
mistral_7b_instruct_v03,8192,0.3,12,1,0.8859736919403076,,0.7965776920318604,1
mistral_7b_instruct_v03,8192,0.3,12,2,0.8621618747711182,,0.7594138383865356,1
mistral_7b_instruct_v03,8192,0.3,12,4,0.8441457748413086,,0.732195258140564,1
mistral_7b_instruct_v03,8192,0.3,12,8,0.8308860659599304,,0.7127899527549744,1
mistral_7b_instruct_v03,8192,0.3,12,16,0.8191311955451965,,0.696117103099823,1
mistral_7b_instruct_v03,8192,0.3,12,32,0.8066598176956177,,0.6792574524879456,1
mistral_7b_instruct_v03,8192,0.3,12,64,0.7961621284484863,,0.6664935946464539,1
mistral_7b_instruct_v03,8192,0.3,12,128,0.781157910823822,,0.6493088006973267,1
mistral_7b_instruct_v03,8192,0.3,12,256,0.763881266117096,,0.6330389380455017,1
mistral_7b_instruct_v03,8192,0.3,12,512,0.7281623482704163,,0.5988028645515442,1
mistral_7b_instruct_v03,8192,0.3,12,1024,0.6616346836090088,,0.5372204184532166,1
mistral_7b_instruct_v03,8192,0.3,13,1,0.9131096005439758,,0.8414643406867981,1
mistral_7b_instruct_v03,8192,0.3,13,2,0.8933048844337463,,0.8089218735694885,1
mistral_7b_instruct_v03,8192,0.3,13,4,0.8741793632507324,,0.7783681750297546,1
mistral_7b_instruct_v03,8192,0.3,13,8,0.8585783839225769,,0.7541622519493103,1
mistral_7b_instruct_v03,8192,0.3,13,16,0.8428572416305542,,0.7306931614875793,1
mistral_7b_instruct_v03,8192,0.3,13,32,0.8267113566398621,,0.7077844738960266,1
mistral_7b_instruct_v03,8192,0.3,13,64,0.8099753260612488,,0.6855476498603821,1
mistral_7b_instruct_v03,8192,0.3,13,128,0.7858471274375916,,0.6553758382797241,1
mistral_7b_instruct_v03,8192,0.3,13,256,0.76092529296875,,0.6287069320678711,1
mistral_7b_instruct_v03,8192,0.3,13,512,0.7221973538398743,,0.5907058119773865,1
mistral_7b_instruct_v03,8192,0.3,13,1024,0.6627294421195984,,0.5383822321891785,1
mistral_7b_instruct_v03,8192,0.3,14,1,0.9083955883979796,,0.8335676789283752,1
mistral_7b_instruct_v03,8192,0.3,14,2,0.8813261985778809,,0.789892315864563,1
mistral_7b_instruct_v03,8192,0.3,14,4,0.8583536744117737,,0.7542501091957092,1
mistral_7b_instruct_v03,8192,0.3,14,8,0.8453491926193237,,0.7346709370613098,1
mistral_7b_instruct_v03,8192,0.3,14,16,0.8350042104721069,,0.7197262048721313,1
mistral_7b_instruct_v03,8192,0.3,14,32,0.8252005577087402,,0.7064051032066345,1
mistral_7b_instruct_v03,8192,0.3,14,64,0.8155920505523682,,0.6944766640663147,1
mistral_7b_instruct_v03,8192,0.3,14,128,0.8009938597679138,,0.6773794293403625,1
mistral_7b_instruct_v03,8192,0.3,14,256,0.7794031500816345,,0.6546953916549683,1
mistral_7b_instruct_v03,8192,0.3,14,512,0.7427158951759338,,0.6185179352760315,1
mistral_7b_instruct_v03,8192,0.3,14,1024,0.6798949241638184,,0.5607039928436279,1
mistral_7b_instruct_v03,8192,0.3,15,1,0.905851662158966,,0.8295198082923889,1
mistral_7b_instruct_v03,8192,0.3,15,2,0.8851356506347656,,0.7959679961204529,1
mistral_7b_instruct_v03,8192,0.3,15,4,0.8662846088409424,,0.7664464116096497,1
mistral_7b_instruct_v03,8192,0.3,15,8,0.849806010723114,,0.7413170337677002,1
mistral_7b_instruct_v03,8192,0.3,15,16,0.8348067402839661,,0.7193311452865601,1
mistral_7b_instruct_v03,8192,0.3,15,32,0.821732759475708,,0.7012496590614319,1
mistral_7b_instruct_v03,8192,0.3,15,64,0.8072080016136169,,0.6823008060455322,1
mistral_7b_instruct_v03,8192,0.3,15,128,0.7900437712669373,,0.661905825138092,1
mistral_7b_instruct_v03,8192,0.3,15,256,0.7699999213218689,,0.6415510177612305,1
mistral_7b_instruct_v03,8192,0.3,15,512,0.7336580157279968,,0.6062541007995605,1
mistral_7b_instruct_v03,8192,0.3,15,1024,0.6690630912780762,,0.5467795133590698,1
mistral_7b_instruct_v03,8192,0.3,16,1,0.9065425395965576,,0.8309809565544128,1
mistral_7b_instruct_v03,8192,0.3,16,2,0.8850778341293335,,0.7960429191589355,1
mistral_7b_instruct_v03,8192,0.3,16,4,0.8648751974105835,,0.7643724083900452,1
mistral_7b_instruct_v03,8192,0.3,16,8,0.8485025763511658,,0.7394658923149109,1
mistral_7b_instruct_v03,8192,0.3,16,16,0.8330422043800354,,0.7168337106704712,1
mistral_7b_instruct_v03,8192,0.3,16,32,0.820722222328186,,0.6998703479766846,1
mistral_7b_instruct_v03,8192,0.3,16,64,0.8074500560760498,,0.6826950907707214,1
mistral_7b_instruct_v03,8192,0.3,16,128,0.7930475473403931,,0.6661460995674133,1
mistral_7b_instruct_v03,8192,0.3,16,256,0.7718707919120789,,0.6441664099693298,1
mistral_7b_instruct_v03,8192,0.3,16,512,0.7336921095848083,,0.6063392162322998,1
mistral_7b_instruct_v03,8192,0.3,16,1024,0.6645633578300476,,0.5411553978919983,1
mistral_7b_instruct_v03,8192,0.3,17,1,0.9012426733970642,,0.8219377398490906,1
mistral_7b_instruct_v03,8192,0.3,17,2,0.875822126865387,,0.7811363935470581,1
mistral_7b_instruct_v03,8192,0.3,17,4,0.8548315167427063,,0.7485761046409607,1
mistral_7b_instruct_v03,8192,0.3,17,8,0.841224730014801,,0.7280405163764954,1
mistral_7b_instruct_v03,8192,0.3,17,16,0.8299310803413391,,0.7116760611534119,1
mistral_7b_instruct_v03,8192,0.3,17,32,0.8173828125,,0.6943353414535522,1
mistral_7b_instruct_v03,8192,0.3,17,64,0.8065235614776611,,0.6808289289474487,1
mistral_7b_instruct_v03,8192,0.3,17,128,0.7854756712913513,,0.6550915241241455,1
mistral_7b_instruct_v03,8192,0.3,17,256,0.7670264840126038,,0.6371616125106812,1
mistral_7b_instruct_v03,8192,0.3,17,512,0.7282201647758484,,0.5988020896911621,1
mistral_7b_instruct_v03,8192,0.3,17,1024,0.6724516153335571,,0.5508840084075928,1
mistral_7b_instruct_v03,8192,0.3,18,1,0.9022032618522644,,0.8233174681663513,1
mistral_7b_instruct_v03,8192,0.3,18,2,0.876699686050415,,0.7820029258728027,1
mistral_7b_instruct_v03,8192,0.3,18,4,0.8571827411651611,,0.7517547011375427,1
mistral_7b_instruct_v03,8192,0.3,18,8,0.8448450565338135,,0.7332133054733276,1
mistral_7b_instruct_v03,8192,0.3,18,16,0.8328263759613037,,0.7157222628593445,1
mistral_7b_instruct_v03,8192,0.3,18,32,0.8265546560287476,,0.707659125328064,1
mistral_7b_instruct_v03,8192,0.3,18,64,0.813931941986084,,0.691324770450592,1
mistral_7b_instruct_v03,8192,0.3,18,128,0.7983068823814392,,0.6729761958122253,1
mistral_7b_instruct_v03,8192,0.3,18,256,0.7786456346511841,,0.6530722379684448,1
mistral_7b_instruct_v03,8192,0.3,18,512,0.7391893267631531,,0.6133251786231995,1
mistral_7b_instruct_v03,8192,0.3,18,1024,0.6767003536224365,,0.5561708211898804,1
mistral_7b_instruct_v03,8192,0.3,19,1,0.9097195267677308,,0.8359066247940063,1
mistral_7b_instruct_v03,8192,0.3,19,2,0.886979341506958,,0.7985352873802185,1
mistral_7b_instruct_v03,8192,0.3,19,4,0.8661279082298279,,0.7656570076942444,1
mistral_7b_instruct_v03,8192,0.3,19,8,0.8496187329292297,,0.7403819561004639,1
mistral_7b_instruct_v03,8192,0.3,19,16,0.8334298133850098,,0.7165645360946655,1
mistral_7b_instruct_v03,8192,0.3,19,32,0.8188644051551819,,0.696349561214447,1
mistral_7b_instruct_v03,8192,0.3,19,64,0.8070864677429199,,0.6813803911209106,1
mistral_7b_instruct_v03,8192,0.3,19,128,0.7861107587814331,,0.6558386087417603,1
mistral_7b_instruct_v03,8192,0.3,19,256,0.7609052658081055,,0.6286505460739136,1
mistral_7b_instruct_v03,8192,0.3,19,512,0.7211303114891052,,0.5893611311912537,1
mistral_7b_instruct_v03,8192,0.3,19,1024,0.6687387228012085,,0.5459576845169067,1
mistral_7b_instruct_v03,8192,0.3,20,1,0.9012545943260192,,0.8220801949501038,1
mistral_7b_instruct_v03,8192,0.3,20,2,0.8757234811782837,,0.7809918522834778,1
mistral_7b_instruct_v03,8192,0.3,20,4,0.8548604249954224,,0.7487132549285889,1
mistral_7b_instruct_v03,8192,0.3,20,8,0.841059684753418,,0.7279544472694397,1
mistral_7b_instruct_v03,8192,0.3,20,16,0.8298119902610779,,0.7117247581481934,1
mistral_7b_instruct_v03,8192,0.3,20,32,0.8208279609680176,,0.699644148349762,1
mistral_7b_instruct_v03,8192,0.3,20,64,0.8123897314071655,,0.6894690990447998,1
mistral_7b_instruct_v03,8192,0.3,20,128,0.7956690192222595,,0.6696310639381409,1
mistral_7b_instruct_v03,8192,0.3,20,256,0.7751291990280151,,0.6484202742576599,1
mistral_7b_instruct_v03,8192,0.3,20,512,0.7379263043403625,,0.6118658185005188,1
mistral_7b_instruct_v03,8192,0.3,20,1024,0.6772806644439697,,0.5571122169494629,1
mistral_7b_instruct_v03,8192,0.3,21,1,0.9081895351409912,,0.8331122994422913,1
mistral_7b_instruct_v03,8192,0.3,21,2,0.8849849700927734,,0.7950090765953064,1
mistral_7b_instruct_v03,8192,0.3,21,4,0.8667640089988708,,0.7662398815155029,1
mistral_7b_instruct_v03,8192,0.3,21,8,0.8539501428604126,,0.7465938329696655,1
mistral_7b_instruct_v03,8192,0.3,21,16,0.8384203314781189,,0.7235890626907349,1
mistral_7b_instruct_v03,8192,0.3,21,32,0.8289871215820312,,0.7107259631156921,1
mistral_7b_instruct_v03,8192,0.3,21,64,0.8196236491203308,,0.6991227269172668,1
mistral_7b_instruct_v03,8192,0.3,21,128,0.7979886531829834,,0.6721242070198059,1
mistral_7b_instruct_v03,8192,0.3,21,256,0.7750105261802673,,0.6476262211799622,1
mistral_7b_instruct_v03,8192,0.3,21,512,0.740699291229248,,0.6150146722793579,1
mistral_7b_instruct_v03,8192,0.3,21,1024,0.6919099688529968,,0.5756441354751587,1
mistral_7b_instruct_v03,8192,0.3,22,1,0.9147754907608032,,0.8441940546035767,1
mistral_7b_instruct_v03,8192,0.3,22,2,0.8936896920204163,,0.8091912865638733,1
mistral_7b_instruct_v03,8192,0.3,22,4,0.8787720203399658,,0.7852853536605835,1
mistral_7b_instruct_v03,8192,0.3,22,8,0.8686898946762085,,0.7695159316062927,1
mistral_7b_instruct_v03,8192,0.3,22,16,0.8586805462837219,,0.7543866634368896,1
mistral_7b_instruct_v03,8192,0.3,22,32,0.8483564853668213,,0.7397385835647583,1
mistral_7b_instruct_v03,8192,0.3,22,64,0.8346228003501892,,0.721223771572113,1
mistral_7b_instruct_v03,8192,0.3,22,128,0.8197842836380005,,0.7035796046257019,1
mistral_7b_instruct_v03,8192,0.3,22,256,0.7977526783943176,,0.6797252297401428,1
mistral_7b_instruct_v03,8192,0.3,22,512,0.761379063129425,,0.6433941721916199,1
mistral_7b_instruct_v03,8192,0.3,22,1024,0.7045724987983704,,0.5925048589706421,1
mistral_7b_instruct_v03,8192,0.3,23,1,0.9173330068588256,,0.8482757210731506,1
mistral_7b_instruct_v03,8192,0.3,23,2,0.8979696035385132,,0.8159561157226562,1
mistral_7b_instruct_v03,8192,0.3,23,4,0.8826428651809692,,0.7912132143974304,1
mistral_7b_instruct_v03,8192,0.3,23,8,0.8696521520614624,,0.7707492113113403,1
mistral_7b_instruct_v03,8192,0.3,23,16,0.856438934803009,,0.7507225871086121,1
mistral_7b_instruct_v03,8192,0.3,23,32,0.8392480611801147,,0.7257797718048096,1
mistral_7b_instruct_v03,8192,0.3,23,64,0.8237260580062866,,0.7049540281295776,1
mistral_7b_instruct_v03,8192,0.3,23,128,0.8039894104003906,,0.6805564761161804,1
mistral_7b_instruct_v03,8192,0.3,23,256,0.7719041705131531,,0.6433077454566956,1
mistral_7b_instruct_v03,8192,0.3,23,512,0.7456548810005188,,0.6216294169425964,1
mistral_7b_instruct_v03,8192,0.3,23,1024,0.6821455955505371,,0.5628783106803894,1
mistral_7b_instruct_v03,8192,0.3,24,1,0.9037625789642334,,0.8256611824035645,1
mistral_7b_instruct_v03,8192,0.3,24,2,0.8818046450614929,,0.7898988723754883,1
mistral_7b_instruct_v03,8192,0.3,24,4,0.8693118095397949,,0.7702643871307373,1
mistral_7b_instruct_v03,8192,0.3,24,8,0.8641831278800964,,0.7624529600143433,1
mistral_7b_instruct_v03,8192,0.3,24,16,0.8560656309127808,,0.7504037022590637,1
mistral_7b_instruct_v03,8192,0.3,24,32,0.8474223017692566,,0.7383552193641663,1
mistral_7b_instruct_v03,8192,0.3,24,64,0.837160050868988,,0.725099503993988,1
mistral_7b_instruct_v03,8192,0.3,24,128,0.8181523084640503,,0.7012805342674255,1
mistral_7b_instruct_v03,8192,0.3,24,256,0.8033797144889832,,0.6879037022590637,1
mistral_7b_instruct_v03,8192,0.3,24,512,0.7648415565490723,,0.648303747177124,1
mistral_7b_instruct_v03,8192,0.3,24,1024,0.7082562446594238,,0.5975515842437744,1
mistral_7b_instruct_v03,8192,0.3,25,1,0.9083892107009888,,0.8334241509437561,1
mistral_7b_instruct_v03,8192,0.3,25,2,0.8874949216842651,,0.7991698980331421,1
mistral_7b_instruct_v03,8192,0.3,25,4,0.8747724294662476,,0.7789416313171387,1
mistral_7b_instruct_v03,8192,0.3,25,8,0.8665353655815125,,0.7661389112472534,1
mistral_7b_instruct_v03,8192,0.3,25,16,0.8585603833198547,,0.7542489171028137,1
mistral_7b_instruct_v03,8192,0.3,25,32,0.8504000306129456,,0.7428534626960754,1
mistral_7b_instruct_v03,8192,0.3,25,64,0.8394216895103455,,0.7284684777259827,1
mistral_7b_instruct_v03,8192,0.3,25,128,0.8203574419021606,,0.7044883966445923,1
mistral_7b_instruct_v03,8192,0.3,25,256,0.8002648949623108,,0.6833832859992981,1
mistral_7b_instruct_v03,8192,0.3,25,512,0.7622731328010559,,0.6446784734725952,1
mistral_7b_instruct_v03,8192,0.3,25,1024,0.7082319259643555,,0.5974607467651367,1
mistral_7b_instruct_v03,8192,0.3,26,1,0.8980439305305481,,0.8160997033119202,1
mistral_7b_instruct_v03,8192,0.3,26,2,0.8741326332092285,,0.7777592539787292,1
mistral_7b_instruct_v03,8192,0.3,26,4,0.8591434955596924,,0.7545918226242065,1
mistral_7b_instruct_v03,8192,0.3,26,8,0.8518881797790527,,0.7436229586601257,1
mistral_7b_instruct_v03,8192,0.3,26,16,0.8444111943244934,,0.7327682375907898,1
mistral_7b_instruct_v03,8192,0.3,26,32,0.8371745347976685,,0.7230217456817627,1
mistral_7b_instruct_v03,8192,0.3,26,64,0.8255822062492371,,0.7079970836639404,1
mistral_7b_instruct_v03,8192,0.3,26,128,0.8076364994049072,,0.6860457062721252,1
mistral_7b_instruct_v03,8192,0.3,26,256,0.7895125150680542,,0.6680722832679749,1
mistral_7b_instruct_v03,8192,0.3,26,512,0.7534594535827637,,0.6325040459632874,1
mistral_7b_instruct_v03,8192,0.3,26,1024,0.6982390880584717,,0.584115743637085,1
mistral_7b_instruct_v03,8192,0.3,27,1,0.9043135643005372,,0.8259539604187012,1
mistral_7b_instruct_v03,8192,0.3,27,2,0.8789448142051697,,0.784772515296936,1
mistral_7b_instruct_v03,8192,0.3,27,4,0.8598732948303223,,0.7550936937332153,1
mistral_7b_instruct_v03,8192,0.3,27,8,0.8546572327613831,,0.7472965121269226,1
mistral_7b_instruct_v03,8192,0.3,27,16,0.8423025012016296,,0.7291769981384277,1
mistral_7b_instruct_v03,8192,0.3,27,32,0.8354027271270752,,0.7199302315711975,1
mistral_7b_instruct_v03,8192,0.3,27,64,0.8191723227500916,,0.6982547640800476,1
mistral_7b_instruct_v03,8192,0.3,27,128,0.7908355593681335,,0.6619564890861511,1
mistral_7b_instruct_v03,8192,0.3,27,256,0.7785434722900391,,0.6523295044898987,1
mistral_7b_instruct_v03,8192,0.3,27,512,0.729928195476532,,0.6005614399909973,1
mistral_7b_instruct_v03,8192,0.3,27,1024,0.6798551082611084,,0.5598567724227905,1
mistral_7b_instruct_v03,8192,0.3,28,1,0.8993045091629028,,0.8183157444000244,1
mistral_7b_instruct_v03,8192,0.3,28,2,0.8766838312149048,,0.7819122672080994,1
mistral_7b_instruct_v03,8192,0.3,28,4,0.8614158034324646,,0.7582569718360901,1
mistral_7b_instruct_v03,8192,0.3,28,8,0.8512958884239197,,0.7428642511367798,1
mistral_7b_instruct_v03,8192,0.3,28,16,0.842220664024353,,0.7295915484428406,1
mistral_7b_instruct_v03,8192,0.3,28,32,0.8320081233978271,,0.7154754996299744,1
mistral_7b_instruct_v03,8192,0.3,28,64,0.8184413313865662,,0.6976815462112427,1
mistral_7b_instruct_v03,8192,0.3,28,128,0.8011025786399841,,0.6768064498901367,1
mistral_7b_instruct_v03,8192,0.3,28,256,0.7789658308029175,,0.6533483862876892,1
mistral_7b_instruct_v03,8192,0.3,28,512,0.7438823580741882,,0.6195427775382996,1
mistral_7b_instruct_v03,8192,0.3,28,1024,0.6886588335037231,,0.5715405941009521,1
mistral_7b_instruct_v03,8192,0.3,29,1,0.8935822248458862,,0.8086873292922974,1
mistral_7b_instruct_v03,8192,0.3,29,2,0.8652405738830566,,0.7636846303939819,1
mistral_7b_instruct_v03,8192,0.3,29,4,0.8451505303382874,,0.7331629991531372,1
mistral_7b_instruct_v03,8192,0.3,29,8,0.8398330807685852,,0.7254071235656738,1
mistral_7b_instruct_v03,8192,0.3,29,16,0.8295486569404602,,0.7106483578681946,1
mistral_7b_instruct_v03,8192,0.3,29,32,0.8241040706634521,,0.703729510307312,1
mistral_7b_instruct_v03,8192,0.3,29,64,0.8107222318649292,,0.6864110231399536,1
mistral_7b_instruct_v03,8192,0.3,29,128,0.7894237637519836,,0.6602848172187805,1
mistral_7b_instruct_v03,8192,0.3,29,256,0.7688127160072327,,0.6392532587051392,1
mistral_7b_instruct_v03,8192,0.3,29,512,0.7338409423828125,,0.6059619784355164,1
mistral_7b_instruct_v03,8192,0.3,29,1024,0.6772832274436951,,0.5567036867141724,1
mistral_7b_instruct_v03,8192,0.3,30,1,0.8823921084403992,,0.7909936308860779,1
mistral_7b_instruct_v03,8192,0.3,30,2,0.8540404438972473,,0.7470380663871765,1
mistral_7b_instruct_v03,8192,0.3,30,4,0.8376808762550354,,0.7226443886756897,1
mistral_7b_instruct_v03,8192,0.3,30,8,0.82867431640625,,0.7095085382461548,1
mistral_7b_instruct_v03,8192,0.3,30,16,0.8216693997383118,,0.6997457146644592,1
mistral_7b_instruct_v03,8192,0.3,30,32,0.8114402890205383,,0.6860023140907288,1
mistral_7b_instruct_v03,8192,0.3,30,64,0.8033632040023804,,0.6765146851539612,1
mistral_7b_instruct_v03,8192,0.3,30,128,0.7840378880500793,,0.6533355712890625,1
mistral_7b_instruct_v03,8192,0.3,30,256,0.7664475440979004,,0.6364883780479431,1
mistral_7b_instruct_v03,8192,0.3,30,512,0.7268974781036377,,0.5971434712409973,1
mistral_7b_instruct_v03,8192,0.3,30,1024,0.6704460382461548,,0.5483020544052124,1
mistral_7b_instruct_v03,8192,0.3,31,1,0.8918285965919495,,0.8060079216957092,1
mistral_7b_instruct_v03,8192,0.3,31,2,0.8673755526542664,,0.7673016786575317,1
mistral_7b_instruct_v03,8192,0.3,31,4,0.8542938828468323,,0.747345507144928,1
mistral_7b_instruct_v03,8192,0.3,31,8,0.8462158441543579,,0.7352173924446106,1
mistral_7b_instruct_v03,8192,0.3,31,16,0.8406444191932678,,0.7273248434066772,1
mistral_7b_instruct_v03,8192,0.3,31,32,0.8329495191574097,,0.7169895768165588,1
mistral_7b_instruct_v03,8192,0.3,31,64,0.8211326599121094,,0.7016907930374146,1
mistral_7b_instruct_v03,8192,0.3,31,128,0.8056926727294922,,0.6834767460823059,1
mistral_7b_instruct_v03,8192,0.3,31,256,0.7854224443435669,,0.6624612808227539,1
mistral_7b_instruct_v03,8192,0.3,31,512,0.7503740191459656,,0.628415048122406,1
mistral_7b_instruct_v03,8192,0.3,31,1024,0.6895431876182556,,0.5727440118789673,1
mistral_7b_instruct_v03,8192,0.5,0,1,0.9109228849411012,,0.8388609886169434,1
mistral_7b_instruct_v03,8192,0.5,0,2,0.8839181661605835,,0.7941133379936218,1
mistral_7b_instruct_v03,8192,0.5,0,4,0.8661728501319885,,0.7658175230026245,1
mistral_7b_instruct_v03,8192,0.5,0,8,0.8707883954048157,,0.7733294367790222,1
mistral_7b_instruct_v03,8192,0.5,0,16,0.8540382981300354,,0.7476602792739868,1
mistral_7b_instruct_v03,8192,0.5,0,32,0.8580218553543091,,0.7548155784606934,1
mistral_7b_instruct_v03,8192,0.5,0,64,0.8363156914710999,,0.7240092158317566,1
mistral_7b_instruct_v03,8192,0.5,0,128,0.8103956580162048,,0.690094530582428,1
mistral_7b_instruct_v03,8192,0.5,0,256,0.7969093918800354,,0.6787086725234985,1
mistral_7b_instruct_v03,8192,0.5,0,512,0.741875946521759,,0.6168816089630127,1
mistral_7b_instruct_v03,8192,0.5,0,1024,0.6864358186721802,,0.5687709450721741,1
mistral_7b_instruct_v03,8192,0.5,1,1,0.8916640877723694,,0.8053436279296875,1
mistral_7b_instruct_v03,8192,0.5,1,2,0.8359485864639282,,0.7189574837684631,1
mistral_7b_instruct_v03,8192,0.5,1,4,0.79268479347229,,0.6572461724281311,1
mistral_7b_instruct_v03,8192,0.5,1,8,0.7873067259788513,,0.6499500870704651,1
mistral_7b_instruct_v03,8192,0.5,1,16,0.7534577250480652,,0.6055346131324768,1
mistral_7b_instruct_v03,8192,0.5,1,32,0.7609379887580872,,0.6161326766014099,1
mistral_7b_instruct_v03,8192,0.5,1,64,0.7347016334533691,,0.5841155648231506,1
mistral_7b_instruct_v03,8192,0.5,1,128,0.6830481290817261,,0.5243823528289795,1
mistral_7b_instruct_v03,8192,0.5,1,256,0.6982619166374207,,0.5481393933296204,1
mistral_7b_instruct_v03,8192,0.5,1,512,0.6288401484489441,,0.4776563346385956,1
mistral_7b_instruct_v03,8192,0.5,1,1024,0.5951671600341797,,0.4581218361854553,1
mistral_7b_instruct_v03,8192,0.5,2,1,0.8740143179893494,,0.7778988480567932,1
mistral_7b_instruct_v03,8192,0.5,2,2,0.8337467908859253,,0.7164004445075989,1
mistral_7b_instruct_v03,8192,0.5,2,4,0.8047106266021729,,0.6744418144226074,1
mistral_7b_instruct_v03,8192,0.5,2,8,0.7851054668426514,,0.6474901437759399,1
mistral_7b_instruct_v03,8192,0.5,2,16,0.7646329402923584,,0.6205015778541565,1
mistral_7b_instruct_v03,8192,0.5,2,32,0.7481206059455872,,0.5998678207397461,1
mistral_7b_instruct_v03,8192,0.5,2,64,0.7338035106658936,,0.5832483768463135,1
mistral_7b_instruct_v03,8192,0.5,2,128,0.685849130153656,,0.5278432965278625,1
mistral_7b_instruct_v03,8192,0.5,2,256,0.6764516830444336,,0.5222629904747009,1
mistral_7b_instruct_v03,8192,0.5,2,512,0.6279640793800354,,0.4768204689025879,1
mistral_7b_instruct_v03,8192,0.5,2,1024,0.5895190238952637,,0.4519901275634765,1
mistral_7b_instruct_v03,8192,0.5,3,1,0.8837527632713318,,0.7938292622566223,1
mistral_7b_instruct_v03,8192,0.5,3,2,0.8474556803703308,,0.7372080683708191,1
mistral_7b_instruct_v03,8192,0.5,3,4,0.8193268179893494,,0.6954631209373474,1
mistral_7b_instruct_v03,8192,0.5,3,8,0.8024649620056152,,0.6716042757034302,1
mistral_7b_instruct_v03,8192,0.5,3,16,0.7840695977210999,,0.6467255353927612,1
mistral_7b_instruct_v03,8192,0.5,3,32,0.7687147855758667,,0.6269720196723938,1
mistral_7b_instruct_v03,8192,0.5,3,64,0.7499622106552124,,0.6041017174720764,1
mistral_7b_instruct_v03,8192,0.5,3,128,0.7162588834762573,,0.5646953582763672,1
mistral_7b_instruct_v03,8192,0.5,3,256,0.7065415978431702,,0.5586385130882263,1
mistral_7b_instruct_v03,8192,0.5,3,512,0.6492523550987244,,0.5012335181236267,1
mistral_7b_instruct_v03,8192,0.5,3,1024,0.5994365215301514,,0.4631806313991546,1
mistral_7b_instruct_v03,8192,0.5,4,1,0.886265218257904,,0.7991731762886047,1
mistral_7b_instruct_v03,8192,0.5,4,2,0.8565706610679626,,0.7525631785392761,1
mistral_7b_instruct_v03,8192,0.5,4,4,0.8365638852119446,,0.722034752368927,1
mistral_7b_instruct_v03,8192,0.5,4,8,0.8238193988800049,,0.7032456994056702,1
mistral_7b_instruct_v03,8192,0.5,4,16,0.8112810850143433,,0.6855358481407166,1
mistral_7b_instruct_v03,8192,0.5,4,32,0.7882533073425293,,0.6541875004768372,1
mistral_7b_instruct_v03,8192,0.5,4,64,0.7695028781890869,,0.6305722594261169,1
mistral_7b_instruct_v03,8192,0.5,4,128,0.753675103187561,,0.6129540801048279,1
mistral_7b_instruct_v03,8192,0.5,4,256,0.7247189283370972,,0.5821288228034973,1
mistral_7b_instruct_v03,8192,0.5,4,512,0.6840698719024658,,0.5432261824607849,1
mistral_7b_instruct_v03,8192,0.5,4,1024,0.6204736232757568,,0.4879823327064514,1
mistral_7b_instruct_v03,8192,0.5,5,1,0.8847684860229492,,0.7955015301704407,1
mistral_7b_instruct_v03,8192,0.5,5,2,0.8514847159385681,,0.743780255317688,1
mistral_7b_instruct_v03,8192,0.5,5,4,0.817965567111969,,0.6940869688987732,1
mistral_7b_instruct_v03,8192,0.5,5,8,0.7873906493186951,,0.6512988209724426,1
mistral_7b_instruct_v03,8192,0.5,5,16,0.7943581342697144,,0.6611780524253845,1
mistral_7b_instruct_v03,8192,0.5,5,32,0.7705386281013489,,0.6298087239265442,1
mistral_7b_instruct_v03,8192,0.5,5,64,0.7439407706260681,,0.5968689322471619,1
mistral_7b_instruct_v03,8192,0.5,5,128,0.7160599827766418,,0.564831018447876,1
mistral_7b_instruct_v03,8192,0.5,5,256,0.6868516802787781,,0.5352781414985657,1
mistral_7b_instruct_v03,8192,0.5,5,512,0.6465890407562256,,0.4984551966190338,1
mistral_7b_instruct_v03,8192,0.5,5,1024,0.5890326499938965,,0.4518896639347076,1
mistral_7b_instruct_v03,8192,0.5,6,1,0.8665401339530945,,0.7678959369659424,1
mistral_7b_instruct_v03,8192,0.5,6,2,0.8320544958114624,,0.716001033782959,1
mistral_7b_instruct_v03,8192,0.5,6,4,0.8092491626739502,,0.6827821731567383,1
mistral_7b_instruct_v03,8192,0.5,6,8,0.7968524694442749,,0.6652687191963196,1
mistral_7b_instruct_v03,8192,0.5,6,16,0.7885196805000305,,0.6541045308113098,1
mistral_7b_instruct_v03,8192,0.5,6,32,0.7716716527938843,,0.6320623755455017,1
mistral_7b_instruct_v03,8192,0.5,6,64,0.7566630244255066,,0.6139708757400513,1
mistral_7b_instruct_v03,8192,0.5,6,128,0.7298197150230408,,0.58249831199646,1
mistral_7b_instruct_v03,8192,0.5,6,256,0.7069169878959656,,0.5600572824478149,1
mistral_7b_instruct_v03,8192,0.5,6,512,0.6658677458763123,,0.5214245319366455,1
mistral_7b_instruct_v03,8192,0.5,6,1024,0.6019461154937744,,0.4666656851768493,1
mistral_7b_instruct_v03,8192,0.5,7,1,0.8588987588882446,,0.7561286687850952,1
mistral_7b_instruct_v03,8192,0.5,7,2,0.8283793926239014,,0.7104145884513855,1
mistral_7b_instruct_v03,8192,0.5,7,4,0.8072698712348938,,0.6798180341720581,1
mistral_7b_instruct_v03,8192,0.5,7,8,0.793175220489502,,0.6600777506828308,1
mistral_7b_instruct_v03,8192,0.5,7,16,0.7797603011131287,,0.6420267224311829,1
mistral_7b_instruct_v03,8192,0.5,7,32,0.7663276791572571,,0.6248921751976013,1
mistral_7b_instruct_v03,8192,0.5,7,64,0.7480185031890869,,0.6026318669319153,1
mistral_7b_instruct_v03,8192,0.5,7,128,0.7266740202903748,,0.5785382986068726,1
mistral_7b_instruct_v03,8192,0.5,7,256,0.6922014355659485,,0.5420928001403809,1
mistral_7b_instruct_v03,8192,0.5,7,512,0.6433322429656982,,0.4950002133846283,1
mistral_7b_instruct_v03,8192,0.5,7,1024,0.576496958732605,,0.4382108449935913,1
mistral_7b_instruct_v03,8192,0.5,8,1,0.8767414093017578,,0.7834319472312927,1
mistral_7b_instruct_v03,8192,0.5,8,2,0.846458911895752,,0.736749529838562,1
mistral_7b_instruct_v03,8192,0.5,8,4,0.8208162188529968,,0.6987382173538208,1
mistral_7b_instruct_v03,8192,0.5,8,8,0.8032119870185852,,0.6735515594482422,1
mistral_7b_instruct_v03,8192,0.5,8,16,0.7846850156784058,,0.6483168601989746,1
mistral_7b_instruct_v03,8192,0.5,8,32,0.7628414034843445,,0.6199062466621399,1
mistral_7b_instruct_v03,8192,0.5,8,64,0.7404755353927612,,0.592530369758606,1
mistral_7b_instruct_v03,8192,0.5,8,128,0.7081788778305054,,0.5552986860275269,1
mistral_7b_instruct_v03,8192,0.5,8,256,0.6839847564697266,,0.5319498181343079,1
mistral_7b_instruct_v03,8192,0.5,8,512,0.6264359951019287,,0.4756698906421661,1
mistral_7b_instruct_v03,8192,0.5,8,1024,0.5677191019058228,,0.4285842478275299,1
mistral_7b_instruct_v03,8192,0.5,9,1,0.8673766255378723,,0.7691546082496643,1
mistral_7b_instruct_v03,8192,0.5,9,2,0.8379430174827576,,0.7251517176628113,1
mistral_7b_instruct_v03,8192,0.5,9,4,0.813822329044342,,0.6901199221611023,1
mistral_7b_instruct_v03,8192,0.5,9,8,0.7974822521209717,,0.6671019196510315,1
mistral_7b_instruct_v03,8192,0.5,9,16,0.7871439456939697,,0.6530300378799438,1
mistral_7b_instruct_v03,8192,0.5,9,32,0.7732976078987122,,0.635124921798706,1
mistral_7b_instruct_v03,8192,0.5,9,64,0.7589636445045471,,0.6177963018417358,1
mistral_7b_instruct_v03,8192,0.5,9,128,0.7377064824104309,,0.593370795249939,1
mistral_7b_instruct_v03,8192,0.5,9,256,0.7083746790885925,,0.5627436637878418,1
mistral_7b_instruct_v03,8192,0.5,9,512,0.6599311232566833,,0.5150776505470276,1
mistral_7b_instruct_v03,8192,0.5,9,1024,0.580022931098938,,0.4426645934581756,1
mistral_7b_instruct_v03,8192,0.5,10,1,0.8795925378799438,,0.787117600440979,1
mistral_7b_instruct_v03,8192,0.5,10,2,0.8499222993850708,,0.7412485480308533,1
mistral_7b_instruct_v03,8192,0.5,10,4,0.8217598795890808,,0.6996880769729614,1
mistral_7b_instruct_v03,8192,0.5,10,8,0.8012343645095825,,0.6706337332725525,1
mistral_7b_instruct_v03,8192,0.5,10,16,0.7897940874099731,,0.6550414562225342,1
mistral_7b_instruct_v03,8192,0.5,10,32,0.7662400603294373,,0.6241848468780518,1
mistral_7b_instruct_v03,8192,0.5,10,64,0.7446157336235046,,0.5977270007133484,1
mistral_7b_instruct_v03,8192,0.5,10,128,0.7139855623245239,,0.5622768402099609,1
mistral_7b_instruct_v03,8192,0.5,10,256,0.6864069700241089,,0.5347363352775574,1
mistral_7b_instruct_v03,8192,0.5,10,512,0.6360934376716614,,0.4864407479763031,1
mistral_7b_instruct_v03,8192,0.5,10,1024,0.5618528127670288,,0.4220634698867798,1
mistral_7b_instruct_v03,8192,0.5,11,1,0.8623614311218262,,0.7611705660820007,1
mistral_7b_instruct_v03,8192,0.5,11,2,0.829014241695404,,0.7123652100563049,1
mistral_7b_instruct_v03,8192,0.5,11,4,0.800615131855011,,0.6720967888832092,1
mistral_7b_instruct_v03,8192,0.5,11,8,0.7819823026657104,,0.6461819410324097,1
mistral_7b_instruct_v03,8192,0.5,11,16,0.76872718334198,,0.6286622285842896,1
mistral_7b_instruct_v03,8192,0.5,11,32,0.7538989782333374,,0.6100277304649353,1
mistral_7b_instruct_v03,8192,0.5,11,64,0.739374577999115,,0.5930458903312683,1
mistral_7b_instruct_v03,8192,0.5,11,128,0.7206029295921326,,0.5722768306732178,1
mistral_7b_instruct_v03,8192,0.5,11,256,0.6913978457450867,,0.5424723029136658,1
mistral_7b_instruct_v03,8192,0.5,11,512,0.6458390355110168,,0.4989494383335113,1
mistral_7b_instruct_v03,8192,0.5,11,1024,0.5723459720611572,,0.4346314072608948,1
mistral_7b_instruct_v03,8192,0.5,12,1,0.8167745471000671,,0.6931236386299133,1
mistral_7b_instruct_v03,8192,0.5,12,2,0.7786563634872437,,0.6411383748054504,1
mistral_7b_instruct_v03,8192,0.5,12,4,0.7498732209205627,,0.6035314202308655,1
mistral_7b_instruct_v03,8192,0.5,12,8,0.7278944253921509,,0.5759875178337097,1
mistral_7b_instruct_v03,8192,0.5,12,16,0.7087827324867249,,0.5526911020278931,1
mistral_7b_instruct_v03,8192,0.5,12,32,0.6897979974746704,,0.5307071208953857,1
mistral_7b_instruct_v03,8192,0.5,12,64,0.6747563481330872,,0.5146458745002747,1
mistral_7b_instruct_v03,8192,0.5,12,128,0.6547878980636597,,0.494141161441803,1
mistral_7b_instruct_v03,8192,0.5,12,256,0.6318626403808594,,0.473658949136734,1
mistral_7b_instruct_v03,8192,0.5,12,512,0.5854555368423462,,0.4321222603321075,1
mistral_7b_instruct_v03,8192,0.5,12,1024,0.5028198957443237,,0.3625817894935608,1
mistral_7b_instruct_v03,8192,0.5,13,1,0.8617557287216187,,0.7600317597389221,1
mistral_7b_instruct_v03,8192,0.5,13,2,0.8300604820251465,,0.7132115364074707,1
mistral_7b_instruct_v03,8192,0.5,13,4,0.79981529712677,,0.6701937317848206,1
mistral_7b_instruct_v03,8192,0.5,13,8,0.775539219379425,,0.6369107961654663,1
mistral_7b_instruct_v03,8192,0.5,13,16,0.7517977356910706,,0.6057494282722473,1
mistral_7b_instruct_v03,8192,0.5,13,32,0.7279452681541443,,0.5761291980743408,1
mistral_7b_instruct_v03,8192,0.5,13,64,0.704261064529419,,0.5484820008277893,1
mistral_7b_instruct_v03,8192,0.5,13,128,0.6712893843650818,,0.512186586856842,1
mistral_7b_instruct_v03,8192,0.5,13,256,0.6383580565452576,,0.4801799356937408,1
mistral_7b_instruct_v03,8192,0.5,13,512,0.5879510045051575,,0.434184193611145,1
mistral_7b_instruct_v03,8192,0.5,13,1024,0.5145646929740906,,0.3737887740135193,1
mistral_7b_instruct_v03,8192,0.5,14,1,0.8487349152565002,,0.7406012415885925,1
mistral_7b_instruct_v03,8192,0.5,14,2,0.8036316633224487,,0.6765855550765991,1
mistral_7b_instruct_v03,8192,0.5,14,4,0.7655016183853149,,0.6253400444984436,1
mistral_7b_instruct_v03,8192,0.5,14,8,0.7430580854415894,,0.5961776375770569,1
mistral_7b_instruct_v03,8192,0.5,14,16,0.7259686589241028,,0.5748293399810791,1
mistral_7b_instruct_v03,8192,0.5,14,32,0.7098580002784729,,0.5559669137001038,1
mistral_7b_instruct_v03,8192,0.5,14,64,0.6966937780380249,,0.5415210127830505,1
mistral_7b_instruct_v03,8192,0.5,14,128,0.6775676608085632,,0.5212992429733276,1
mistral_7b_instruct_v03,8192,0.5,14,256,0.6481290459632874,,0.492690771818161,1
mistral_7b_instruct_v03,8192,0.5,14,512,0.6019014716148376,,0.4504232108592987,1
mistral_7b_instruct_v03,8192,0.5,14,1024,0.5262448191642761,,0.3867043554782867,1
mistral_7b_instruct_v03,8192,0.5,15,1,0.8521788120269775,,0.7460148334503174,1
mistral_7b_instruct_v03,8192,0.5,15,2,0.8195316195487976,,0.69856196641922,1
mistral_7b_instruct_v03,8192,0.5,15,4,0.7893173098564148,,0.6567125916481018,1
mistral_7b_instruct_v03,8192,0.5,15,8,0.762751579284668,,0.6211832761764526,1
mistral_7b_instruct_v03,8192,0.5,15,16,0.7386319637298584,,0.5903179049491882,1
mistral_7b_instruct_v03,8192,0.5,15,32,0.7178140878677368,,0.5652806758880615,1
mistral_7b_instruct_v03,8192,0.5,15,64,0.6968996524810791,,0.541205108165741,1
mistral_7b_instruct_v03,8192,0.5,15,128,0.6721217036247253,,0.5146755576133728,1
mistral_7b_instruct_v03,8192,0.5,15,256,0.6457018256187439,,0.4895510971546173,1
mistral_7b_instruct_v03,8192,0.5,15,512,0.5982356667518616,,0.4462389647960663,1
mistral_7b_instruct_v03,8192,0.5,15,1024,0.5188697576522827,,0.3788723051548004,1
mistral_7b_instruct_v03,8192,0.5,16,1,0.8513063192367554,,0.7453815937042236,1
mistral_7b_instruct_v03,8192,0.5,16,2,0.8166805505752563,,0.6948626637458801,1
mistral_7b_instruct_v03,8192,0.5,16,4,0.783790647983551,,0.649461030960083,1
mistral_7b_instruct_v03,8192,0.5,16,8,0.7572409510612488,,0.614215612411499,1
mistral_7b_instruct_v03,8192,0.5,16,16,0.7330572605133057,,0.5834688544273376,1
mistral_7b_instruct_v03,8192,0.5,16,32,0.7134472727775574,,0.5600658059120178,1
mistral_7b_instruct_v03,8192,0.5,16,64,0.69520103931427,,0.5392051339149475,1
mistral_7b_instruct_v03,8192,0.5,16,128,0.6746253967285156,,0.5176408886909485,1
mistral_7b_instruct_v03,8192,0.5,16,256,0.6466293334960938,,0.4906326830387115,1
mistral_7b_instruct_v03,8192,0.5,16,512,0.5968706011772156,,0.4447588622570038,1
mistral_7b_instruct_v03,8192,0.5,16,1024,0.51224684715271,,0.3722915053367615,1
mistral_7b_instruct_v03,8192,0.5,17,1,0.8387917876243591,,0.7262340188026428,1
mistral_7b_instruct_v03,8192,0.5,17,2,0.7966616749763489,,0.6664684414863586,1
mistral_7b_instruct_v03,8192,0.5,17,4,0.7617290019989014,,0.6194116473197937,1
mistral_7b_instruct_v03,8192,0.5,17,8,0.7394318580627441,,0.5904050469398499,1
mistral_7b_instruct_v03,8192,0.5,17,16,0.7217669486999512,,0.5683277249336243,1
mistral_7b_instruct_v03,8192,0.5,17,32,0.7023513913154602,,0.5452658534049988,1
mistral_7b_instruct_v03,8192,0.5,17,64,0.6879127621650696,,0.5295685529708862,1
mistral_7b_instruct_v03,8192,0.5,17,128,0.6598570346832275,,0.4996400475502014,1
mistral_7b_instruct_v03,8192,0.5,17,256,0.6353497505187988,,0.4772334992885589,1
mistral_7b_instruct_v03,8192,0.5,17,512,0.5875783562660217,,0.4342376887798309,1
mistral_7b_instruct_v03,8192,0.5,17,1024,0.5246518850326538,,0.3844508528709411,1
mistral_7b_instruct_v03,8192,0.5,18,1,0.842843234539032,,0.7318724989891052,1
mistral_7b_instruct_v03,8192,0.5,18,2,0.8026081323623657,,0.6737276315689087,1
mistral_7b_instruct_v03,8192,0.5,18,4,0.7716386318206787,,0.6316838264465332,1
mistral_7b_instruct_v03,8192,0.5,18,8,0.7512161135673523,,0.6050014495849609,1
mistral_7b_instruct_v03,8192,0.5,18,16,0.7330387234687805,,0.5819606184959412,1
mistral_7b_instruct_v03,8192,0.5,18,32,0.7212285995483398,,0.5683181285858154,1
mistral_7b_instruct_v03,8192,0.5,18,64,0.7050044536590576,,0.5498135089874268,1
mistral_7b_instruct_v03,8192,0.5,18,128,0.6844540238380432,,0.5280648469924927,1
mistral_7b_instruct_v03,8192,0.5,18,256,0.6572349667549133,,0.5018517374992371,1
mistral_7b_instruct_v03,8192,0.5,18,512,0.6069678664207458,,0.4551286995410919,1
mistral_7b_instruct_v03,8192,0.5,18,1024,0.5332525372505188,,0.3929083943367004,1
mistral_7b_instruct_v03,8192,0.5,19,1,0.8571759462356567,,0.753497302532196,1
mistral_7b_instruct_v03,8192,0.5,19,2,0.8208672404289246,,0.6996896266937256,1
mistral_7b_instruct_v03,8192,0.5,19,4,0.7870311737060547,,0.6524951457977295,1
mistral_7b_instruct_v03,8192,0.5,19,8,0.7605038285255432,,0.6169009804725647,1
mistral_7b_instruct_v03,8192,0.5,19,16,0.7359676957130432,,0.5855002403259277,1
mistral_7b_instruct_v03,8192,0.5,19,32,0.7138401865959167,,0.5589311122894287,1
mistral_7b_instruct_v03,8192,0.5,19,64,0.69829261302948,,0.5413638949394226,1
mistral_7b_instruct_v03,8192,0.5,19,128,0.6695140600204468,,0.5104148387908936,1
mistral_7b_instruct_v03,8192,0.5,19,256,0.6390578150749207,,0.4809553027153015,1
mistral_7b_instruct_v03,8192,0.5,19,512,0.5872865319252014,,0.4336349964141845,1
mistral_7b_instruct_v03,8192,0.5,19,1024,0.521518349647522,,0.3807506561279297,1
mistral_7b_instruct_v03,8192,0.5,20,1,0.8435927033424377,,0.733482301235199,1
mistral_7b_instruct_v03,8192,0.5,20,2,0.8025822639465332,,0.6746243834495544,1
mistral_7b_instruct_v03,8192,0.5,20,4,0.7685920596122742,,0.6286394000053406,1
mistral_7b_instruct_v03,8192,0.5,20,8,0.7461323142051697,,0.599236249923706,1
mistral_7b_instruct_v03,8192,0.5,20,16,0.7288792133331299,,0.5775392651557922,1
mistral_7b_instruct_v03,8192,0.5,20,32,0.7147316932678223,,0.5609259009361267,1
mistral_7b_instruct_v03,8192,0.5,20,64,0.7030002474784851,,0.5480186939239502,1
mistral_7b_instruct_v03,8192,0.5,20,128,0.6801952123641968,,0.5237734913825989,1
mistral_7b_instruct_v03,8192,0.5,20,256,0.6528511047363281,,0.4972479939460754,1
mistral_7b_instruct_v03,8192,0.5,20,512,0.6052425503730774,,0.4535891115665436,1
mistral_7b_instruct_v03,8192,0.5,20,1024,0.5321056842803955,,0.3921536207199096,1
mistral_7b_instruct_v03,8192,0.5,21,1,0.8487002849578857,,0.7402880787849426,1
mistral_7b_instruct_v03,8192,0.5,21,2,0.8100566864013672,,0.6836873292922974,1
mistral_7b_instruct_v03,8192,0.5,21,4,0.7799477577209473,,0.6420809030532837,1
mistral_7b_instruct_v03,8192,0.5,21,8,0.7589161396026611,,0.6140825152397156,1
mistral_7b_instruct_v03,8192,0.5,21,16,0.735993504524231,,0.5848031640052795,1
mistral_7b_instruct_v03,8192,0.5,21,32,0.7223789095878601,,0.5686912536621094,1
mistral_7b_instruct_v03,8192,0.5,21,64,0.7089616656303406,,0.5537115931510925,1
mistral_7b_instruct_v03,8192,0.5,21,128,0.6797999143600464,,0.5217534303665161,1
mistral_7b_instruct_v03,8192,0.5,21,256,0.6500255465507507,,0.4928008615970611,1
mistral_7b_instruct_v03,8192,0.5,21,512,0.6054513454437256,,0.4527597427368164,1
mistral_7b_instruct_v03,8192,0.5,21,1024,0.5503870248794556,,0.4103062748908996,1
mistral_7b_instruct_v03,8192,0.5,22,1,0.8583241105079651,,0.7549400329589844,1
mistral_7b_instruct_v03,8192,0.5,22,2,0.8235097527503967,,0.7031090259552002,1
mistral_7b_instruct_v03,8192,0.5,22,4,0.7991268038749695,,0.6686194539070129,1
mistral_7b_instruct_v03,8192,0.5,22,8,0.7830814123153687,,0.6464595198631287,1
mistral_7b_instruct_v03,8192,0.5,22,16,0.7686586380004883,,0.6272449493408203,1
mistral_7b_instruct_v03,8192,0.5,22,32,0.7537247538566589,,0.60858553647995,1
mistral_7b_instruct_v03,8192,0.5,22,64,0.7356398105621338,,0.5869145393371582,1
mistral_7b_instruct_v03,8192,0.5,22,128,0.7159535884857178,,0.5654979348182678,1
mistral_7b_instruct_v03,8192,0.5,22,256,0.6872463226318359,,0.5363392233848572,1
mistral_7b_instruct_v03,8192,0.5,22,512,0.6423549056053162,,0.49418506026268,1
mistral_7b_instruct_v03,8192,0.5,22,1024,0.5779162645339966,,0.4399813413619995,1
mistral_7b_instruct_v03,8192,0.5,23,1,0.8632079362869263,,0.7615275979042053,1
mistral_7b_instruct_v03,8192,0.5,23,2,0.8310596942901611,,0.7132865786552429,1
mistral_7b_instruct_v03,8192,0.5,23,4,0.8054577708244324,,0.6767470836639404,1
mistral_7b_instruct_v03,8192,0.5,23,8,0.7846307754516602,,0.6478899717330933,1
mistral_7b_instruct_v03,8192,0.5,23,16,0.7652806639671326,,0.6222216486930847,1
mistral_7b_instruct_v03,8192,0.5,23,32,0.7405774593353271,,0.5910539627075195,1
mistral_7b_instruct_v03,8192,0.5,23,64,0.7197166681289673,,0.5664003491401672,1
mistral_7b_instruct_v03,8192,0.5,23,128,0.6943467259407043,,0.5386670827865601,1
mistral_7b_instruct_v03,8192,0.5,23,256,0.6526007056236267,,0.4954123795032501,1
mistral_7b_instruct_v03,8192,0.5,23,512,0.6180353760719299,,0.4662935733795166,1
mistral_7b_instruct_v03,8192,0.5,23,1024,0.5462633967399597,,0.4057616591453552,1
mistral_7b_instruct_v03,8192,0.5,24,1,0.83455890417099,,0.7192276120185852,1
mistral_7b_instruct_v03,8192,0.5,24,2,0.7969660758972168,,0.6654625535011292,1
mistral_7b_instruct_v03,8192,0.5,24,4,0.7762532234191895,,0.6373353004455566,1
mistral_7b_instruct_v03,8192,0.5,24,8,0.7673331499099731,,0.6253980994224548,1
mistral_7b_instruct_v03,8192,0.5,24,16,0.7554634213447571,,0.6099979281425476,1
mistral_7b_instruct_v03,8192,0.5,24,32,0.7419953346252441,,0.5935781598091125,1
mistral_7b_instruct_v03,8192,0.5,24,64,0.7278644442558289,,0.5773342251777649,1
mistral_7b_instruct_v03,8192,0.5,24,128,0.7027037143707275,,0.5494022369384766,1
mistral_7b_instruct_v03,8192,0.5,24,256,0.6819499135017395,,0.5301278233528137,1
mistral_7b_instruct_v03,8192,0.5,24,512,0.6340755820274353,,0.4848368465900421,1
mistral_7b_instruct_v03,8192,0.5,24,1024,0.5700587034225464,,0.4315560162067413,1
mistral_7b_instruct_v03,8192,0.5,25,1,0.8500194549560547,,0.7420330047607422,1
mistral_7b_instruct_v03,8192,0.5,25,2,0.8155836462974548,,0.6916038393974304,1
mistral_7b_instruct_v03,8192,0.5,25,4,0.7941790223121643,,0.6616554856300354,1
mistral_7b_instruct_v03,8192,0.5,25,8,0.7807472348213196,,0.6431896686553955,1
mistral_7b_instruct_v03,8192,0.5,25,16,0.7691832780838013,,0.6278626322746277,1
mistral_7b_instruct_v03,8192,0.5,25,32,0.7567213773727417,,0.6123635172843933,1
mistral_7b_instruct_v03,8192,0.5,25,64,0.7422605752944946,,0.5953525304794312,1
mistral_7b_instruct_v03,8192,0.5,25,128,0.7173100709915161,,0.56712406873703,1
mistral_7b_instruct_v03,8192,0.5,25,256,0.6909852623939514,,0.5407873392105103,1
mistral_7b_instruct_v03,8192,0.5,25,512,0.644152820110321,,0.4962047636508941,1
mistral_7b_instruct_v03,8192,0.5,25,1024,0.5838918685913086,,0.4465561211109161,1
mistral_7b_instruct_v03,8192,0.5,26,1,0.83124840259552,,0.7138898372650146,1
mistral_7b_instruct_v03,8192,0.5,26,2,0.7912362813949585,,0.6575581431388855,1
mistral_7b_instruct_v03,8192,0.5,26,4,0.7670863270759583,,0.6252686977386475,1
mistral_7b_instruct_v03,8192,0.5,26,8,0.7552569508552551,,0.6096896529197693,1
mistral_7b_instruct_v03,8192,0.5,26,16,0.7452003359794617,,0.5969033241271973,1
mistral_7b_instruct_v03,8192,0.5,26,32,0.7340512275695801,,0.5836095213890076,1
mistral_7b_instruct_v03,8192,0.5,26,64,0.7181710600852966,,0.5653348565101624,1
mistral_7b_instruct_v03,8192,0.5,26,128,0.693780779838562,,0.5386339426040649,1
mistral_7b_instruct_v03,8192,0.5,26,256,0.6707541346549988,,0.5169565081596375,1
mistral_7b_instruct_v03,8192,0.5,26,512,0.6244503259658813,,0.4739176332950592,1
mistral_7b_instruct_v03,8192,0.5,26,1024,0.5627073049545288,,0.4235513210296631,1
mistral_7b_instruct_v03,8192,0.5,27,1,0.846489667892456,,0.735170304775238,1
mistral_7b_instruct_v03,8192,0.5,27,2,0.8060859441757202,,0.6766649484634399,1
mistral_7b_instruct_v03,8192,0.5,27,4,0.7766796350479126,,0.6365554332733154,1
mistral_7b_instruct_v03,8192,0.5,27,8,0.7679328918457031,,0.624995231628418,1
mistral_7b_instruct_v03,8192,0.5,27,16,0.7512527108192444,,0.6036349534988403,1
mistral_7b_instruct_v03,8192,0.5,27,32,0.7406582236289978,,0.5908046960830688,1
mistral_7b_instruct_v03,8192,0.5,27,64,0.7173387408256531,,0.5632636547088623,1
mistral_7b_instruct_v03,8192,0.5,27,128,0.6776428818702698,,0.518690824508667,1
mistral_7b_instruct_v03,8192,0.5,27,256,0.6632051467895508,,0.5072182416915894,1
mistral_7b_instruct_v03,8192,0.5,27,512,0.6016493439674377,,0.4481526911258697,1
mistral_7b_instruct_v03,8192,0.5,27,1024,0.5448468327522278,,0.40408855676651,1
mistral_7b_instruct_v03,8192,0.5,28,1,0.8314674496650696,,0.7146056294441223,1
mistral_7b_instruct_v03,8192,0.5,28,2,0.7928361892700195,,0.6600800156593323,1
mistral_7b_instruct_v03,8192,0.5,28,4,0.7674932479858398,,0.6262537837028503,1
mistral_7b_instruct_v03,8192,0.5,28,8,0.751207172870636,,0.604849636554718,1
mistral_7b_instruct_v03,8192,0.5,28,16,0.7377863526344299,,0.5877587795257568,1
mistral_7b_instruct_v03,8192,0.5,28,32,0.722597062587738,,0.569617748260498,1
mistral_7b_instruct_v03,8192,0.5,28,64,0.7037246227264404,,0.5479722619056702,1
mistral_7b_instruct_v03,8192,0.5,28,128,0.6809481382369995,,0.5236912965774536,1
mistral_7b_instruct_v03,8192,0.5,28,256,0.6516364216804504,,0.4951468408107757,1
mistral_7b_instruct_v03,8192,0.5,28,512,0.6072745323181152,,0.4551905393600464,1
mistral_7b_instruct_v03,8192,0.5,28,1024,0.5442437529563904,,0.4041132926940918,1
mistral_7b_instruct_v03,8192,0.5,29,1,0.8301457762718201,,0.711826741695404,1
mistral_7b_instruct_v03,8192,0.5,29,2,0.7844930291175842,,0.647809624671936,1
mistral_7b_instruct_v03,8192,0.5,29,4,0.7523720264434814,,0.6056633591651917,1
mistral_7b_instruct_v03,8192,0.5,29,8,0.7421485781669617,,0.5926905274391174,1
mistral_7b_instruct_v03,8192,0.5,29,16,0.7282922267913818,,0.5754632353782654,1
mistral_7b_instruct_v03,8192,0.5,29,32,0.7197312712669373,,0.5656651258468628,1
mistral_7b_instruct_v03,8192,0.5,29,64,0.7016089558601379,,0.5449699759483337,1
mistral_7b_instruct_v03,8192,0.5,29,128,0.6727482676506042,,0.5137913823127747,1
mistral_7b_instruct_v03,8192,0.5,29,256,0.6463003158569336,,0.4887521862983703,1
mistral_7b_instruct_v03,8192,0.5,29,512,0.600886881351471,,0.4479195177555084,1
mistral_7b_instruct_v03,8192,0.5,29,1024,0.5353726744651794,,0.3946556150913238,1
mistral_7b_instruct_v03,8192,0.5,30,1,0.8048338294029236,,0.6768152713775635,1
mistral_7b_instruct_v03,8192,0.5,30,2,0.7563851475715637,,0.6121705770492554,1
mistral_7b_instruct_v03,8192,0.5,30,4,0.7286310195922852,,0.5772073268890381,1
mistral_7b_instruct_v03,8192,0.5,30,8,0.713999330997467,,0.5591154098510742,1
mistral_7b_instruct_v03,8192,0.5,30,16,0.7041341662406921,,0.5472669005393982,1
mistral_7b_instruct_v03,8192,0.5,30,32,0.688593327999115,,0.5294451117515564,1
mistral_7b_instruct_v03,8192,0.5,30,64,0.6779863834381104,,0.5184458494186401,1
mistral_7b_instruct_v03,8192,0.5,30,128,0.6513976454734802,,0.4906663000583648,1
mistral_7b_instruct_v03,8192,0.5,30,256,0.6284316182136536,,0.4699402749538421,1
mistral_7b_instruct_v03,8192,0.5,30,512,0.5796093344688416,,0.426105260848999,1
mistral_7b_instruct_v03,8192,0.5,30,1024,0.5141274929046631,,0.3737757802009582,1
mistral_7b_instruct_v03,8192,0.5,31,1,0.8272537589073181,,0.7080070376396179,1
mistral_7b_instruct_v03,8192,0.5,31,2,0.7872333526611328,,0.652154803276062,1
mistral_7b_instruct_v03,8192,0.5,31,4,0.766078531742096,,0.6241542100906372,1
mistral_7b_instruct_v03,8192,0.5,31,8,0.7532238364219666,,0.6073545813560486,1
mistral_7b_instruct_v03,8192,0.5,31,16,0.745468258857727,,0.5975543856620789,1
mistral_7b_instruct_v03,8192,0.5,31,32,0.7341840267181396,,0.5841553807258606,1
mistral_7b_instruct_v03,8192,0.5,31,64,0.7183041572570801,,0.5657743811607361,1
mistral_7b_instruct_v03,8192,0.5,31,128,0.6979427933692932,,0.5439660549163818,1
mistral_7b_instruct_v03,8192,0.5,31,256,0.6726954579353333,,0.5194255709648132,1
mistral_7b_instruct_v03,8192,0.5,31,512,0.627159059047699,,0.47715625166893,1
mistral_7b_instruct_v03,8192,0.5,31,1024,0.5565081834793091,,0.416978120803833,1
mistral_7b_instruct_v03,8192,0.7,0,1,0.8872287273406982,,0.8034193515777588,1
mistral_7b_instruct_v03,8192,0.7,0,2,0.856095552444458,,0.7543739080429077,1
mistral_7b_instruct_v03,8192,0.7,0,4,0.8394337892532349,,0.7286348342895508,1
mistral_7b_instruct_v03,8192,0.7,0,8,0.8483879566192627,,0.7423962354660034,1
mistral_7b_instruct_v03,8192,0.7,0,16,0.8344525694847107,,0.7213298678398132,1
mistral_7b_instruct_v03,8192,0.7,0,32,0.8429237008094788,,0.7351958155632019,1
mistral_7b_instruct_v03,8192,0.7,0,64,0.8187180757522583,,0.7012979984283447,1
mistral_7b_instruct_v03,8192,0.7,0,128,0.7875091433525085,,0.6606741547584534,1
mistral_7b_instruct_v03,8192,0.7,0,256,0.7644407153129578,,0.6364298462867737,1
mistral_7b_instruct_v03,8192,0.7,0,512,0.6886860728263855,,0.5506365299224854,1
mistral_7b_instruct_v03,8192,0.7,0,1024,0.6150116920471191,,0.4828107953071594,1
mistral_7b_instruct_v03,8192,0.7,1,1,0.8481143712997437,,0.7377057075500488,1
mistral_7b_instruct_v03,8192,0.7,1,2,0.7702397108078003,,0.6275368928909302,1
mistral_7b_instruct_v03,8192,0.7,1,4,0.7086624503135681,,0.5496164560317993,1
mistral_7b_instruct_v03,8192,0.7,1,8,0.701240062713623,,0.540705680847168,1
mistral_7b_instruct_v03,8192,0.7,1,16,0.6622537970542908,,0.4961130917072296,1
mistral_7b_instruct_v03,8192,0.7,1,32,0.673743724822998,,0.5097959041595459,1
mistral_7b_instruct_v03,8192,0.7,1,64,0.6391825675964355,,0.4724984467029571,1
mistral_7b_instruct_v03,8192,0.7,1,128,0.5761303305625916,,0.4088978469371795,1
mistral_7b_instruct_v03,8192,0.7,1,256,0.5919994711875916,,0.4290584027767181,1
mistral_7b_instruct_v03,8192,0.7,1,512,0.4946804046630859,,0.3411178588867187,1
mistral_7b_instruct_v03,8192,0.7,1,1024,0.4382243752479553,,0.3010344505310058,1
mistral_7b_instruct_v03,8192,0.7,2,1,0.8127118349075317,,0.688130795955658,1
mistral_7b_instruct_v03,8192,0.7,2,2,0.7543764114379883,,0.6086004376411438,1
mistral_7b_instruct_v03,8192,0.7,2,4,0.7146081924438477,,0.5580746531486511,1
mistral_7b_instruct_v03,8192,0.7,2,8,0.6884769201278687,,0.5269166231155396,1
mistral_7b_instruct_v03,8192,0.7,2,16,0.6634995937347412,,0.4984121024608612,1
mistral_7b_instruct_v03,8192,0.7,2,32,0.6417114734649658,,0.4748586416244507,1
mistral_7b_instruct_v03,8192,0.7,2,64,0.6247431039810181,,0.4576388597488403,1
mistral_7b_instruct_v03,8192,0.7,2,128,0.5647350549697876,,0.3980711698532104,1
mistral_7b_instruct_v03,8192,0.7,2,256,0.5504705309867859,,0.3877875506877899,1
mistral_7b_instruct_v03,8192,0.7,2,512,0.4835093915462494,,0.3312048017978668,1
mistral_7b_instruct_v03,8192,0.7,2,1024,0.4305579960346222,,0.2945002913475036,1
mistral_7b_instruct_v03,8192,0.7,3,1,0.8344163298606873,,0.7205367088317871,1
mistral_7b_instruct_v03,8192,0.7,3,2,0.7849025130271912,,0.6500845551490784,1
mistral_7b_instruct_v03,8192,0.7,3,4,0.7479585409164429,,0.6005266308784485,1
mistral_7b_instruct_v03,8192,0.7,3,8,0.7260352969169617,,0.5727276802062988,1
mistral_7b_instruct_v03,8192,0.7,3,16,0.7064769864082336,,0.5491419434547424,1
mistral_7b_instruct_v03,8192,0.7,3,32,0.6884262561798096,,0.5283503532409668,1
mistral_7b_instruct_v03,8192,0.7,3,64,0.6638122200965881,,0.5012423396110535,1
mistral_7b_instruct_v03,8192,0.7,3,128,0.6252702474594116,,0.461025059223175,1
mistral_7b_instruct_v03,8192,0.7,3,256,0.60843425989151,,0.4473712742328644,1
mistral_7b_instruct_v03,8192,0.7,3,512,0.5323529839515686,,0.3776801526546478,1
mistral_7b_instruct_v03,8192,0.7,3,1024,0.4557698965072632,,0.3174824714660644,1
mistral_7b_instruct_v03,8192,0.7,4,1,0.8324280381202698,,0.7197911739349365,1
mistral_7b_instruct_v03,8192,0.7,4,2,0.7903154492378235,,0.6598228812217712,1
mistral_7b_instruct_v03,8192,0.7,4,4,0.7626491785049438,,0.6217479705810547,1
mistral_7b_instruct_v03,8192,0.7,4,8,0.7453618049621582,,0.5989230871200562,1
mistral_7b_instruct_v03,8192,0.7,4,16,0.7306346893310547,,0.5803431272506714,1
mistral_7b_instruct_v03,8192,0.7,4,32,0.7019352316856384,,0.5456964373588562,1
mistral_7b_instruct_v03,8192,0.7,4,64,0.6787604689598083,,0.5197475552558899,1
mistral_7b_instruct_v03,8192,0.7,4,128,0.6553336381912231,,0.4952158629894256,1
mistral_7b_instruct_v03,8192,0.7,4,256,0.6154025197029114,,0.4559487402439117,1
mistral_7b_instruct_v03,8192,0.7,4,512,0.5553469061851501,,0.4012090265750885,1
mistral_7b_instruct_v03,8192,0.7,4,1024,0.4738432765007019,,0.3349969387054443,1
mistral_7b_instruct_v03,8192,0.7,5,1,0.8275731801986694,,0.7106941938400269,1
mistral_7b_instruct_v03,8192,0.7,5,2,0.7792712450027466,,0.6435059309005737,1
mistral_7b_instruct_v03,8192,0.7,5,4,0.7333019375801086,,0.583138108253479,1
mistral_7b_instruct_v03,8192,0.7,5,8,0.6929672956466675,,0.533990740776062,1
mistral_7b_instruct_v03,8192,0.7,5,16,0.7050545811653137,,0.5481241941452026,1
mistral_7b_instruct_v03,8192,0.7,5,32,0.6739625334739685,,0.5123448371887207,1
mistral_7b_instruct_v03,8192,0.7,5,64,0.6393746137619019,,0.4750342071056366,1
mistral_7b_instruct_v03,8192,0.7,5,128,0.6007891297340393,,0.4358519911766052,1
mistral_7b_instruct_v03,8192,0.7,5,256,0.5613536238670349,,0.3998683094978332,1
mistral_7b_instruct_v03,8192,0.7,5,512,0.504745602607727,,0.3516581952571869,1
mistral_7b_instruct_v03,8192,0.7,5,1024,0.435901403427124,,0.300031840801239,1
mistral_7b_instruct_v03,8192,0.7,6,1,0.8043002486228943,,0.6793323159217834,1
mistral_7b_instruct_v03,8192,0.7,6,2,0.7552996277809143,,0.6133846044540405,1
mistral_7b_instruct_v03,8192,0.7,6,4,0.7233982682228088,,0.572094202041626,1
mistral_7b_instruct_v03,8192,0.7,6,8,0.7066601514816284,,0.5511224269866943,1
mistral_7b_instruct_v03,8192,0.7,6,16,0.6952636241912842,,0.5376439690589905,1
mistral_7b_instruct_v03,8192,0.7,6,32,0.672618567943573,,0.5116078853607178,1
mistral_7b_instruct_v03,8192,0.7,6,64,0.652869701385498,,0.4905509650707245,1
mistral_7b_instruct_v03,8192,0.7,6,128,0.6181057095527649,,0.4545097053050995,1
mistral_7b_instruct_v03,8192,0.7,6,256,0.5858410596847534,,0.4249934554100036,1
mistral_7b_instruct_v03,8192,0.7,6,512,0.5289127826690674,,0.3750691413879394,1
mistral_7b_instruct_v03,8192,0.7,6,1024,0.4499593377113342,,0.3127933740615845,1
mistral_7b_instruct_v03,8192,0.7,7,1,0.8036324977874756,,0.6777794361114502,1
mistral_7b_instruct_v03,8192,0.7,7,2,0.7634310126304626,,0.6231117248535156,1
mistral_7b_instruct_v03,8192,0.7,7,4,0.735897958278656,,0.587077796459198,1
mistral_7b_instruct_v03,8192,0.7,7,8,0.7168970704078674,,0.5632756352424622,1
mistral_7b_instruct_v03,8192,0.7,7,16,0.701113224029541,,0.5443510413169861,1
mistral_7b_instruct_v03,8192,0.7,7,32,0.6821853518486023,,0.5226900577545166,1
mistral_7b_instruct_v03,8192,0.7,7,64,0.6601611971855164,,0.4987859427928924,1
mistral_7b_instruct_v03,8192,0.7,7,128,0.6321762204170227,,0.4699244499206543,1
mistral_7b_instruct_v03,8192,0.7,7,256,0.5841845273971558,,0.4234493374824524,1
mistral_7b_instruct_v03,8192,0.7,7,512,0.5157365798950195,,0.3624506890773773,1
mistral_7b_instruct_v03,8192,0.7,7,1024,0.4294155836105346,,0.2942562103271484,1
mistral_7b_instruct_v03,8192,0.7,8,1,0.8284712433815002,,0.7119759321212769,1
mistral_7b_instruct_v03,8192,0.7,8,2,0.7870925068855286,,0.6537917852401733,1
mistral_7b_instruct_v03,8192,0.7,8,4,0.7526767253875732,,0.6077282428741455,1
mistral_7b_instruct_v03,8192,0.7,8,8,0.730501651763916,,0.579094409942627,1
mistral_7b_instruct_v03,8192,0.7,8,16,0.7081600427627563,,0.5519490838050842,1
mistral_7b_instruct_v03,8192,0.7,8,32,0.6818750500679016,,0.5214449167251587,1
mistral_7b_instruct_v03,8192,0.7,8,64,0.6547802090644836,,0.4917787313461303,1
mistral_7b_instruct_v03,8192,0.7,8,128,0.6170392632484436,,0.4527856111526489,1
mistral_7b_instruct_v03,8192,0.7,8,256,0.5815383195877075,,0.4201393127441406,1
mistral_7b_instruct_v03,8192,0.7,8,512,0.5056442618370056,,0.3525247573852539,1
mistral_7b_instruct_v03,8192,0.7,8,1024,0.4223519563674927,,0.2879610657691955,1
mistral_7b_instruct_v03,8192,0.7,9,1,0.8131995797157288,,0.6910684704780579,1
mistral_7b_instruct_v03,8192,0.7,9,2,0.7728932499885559,,0.6366170048713684,1
mistral_7b_instruct_v03,8192,0.7,9,4,0.7400572299957275,,0.5939163565635681,1
mistral_7b_instruct_v03,8192,0.7,9,8,0.7178509831428528,,0.5660192370414734,1
mistral_7b_instruct_v03,8192,0.7,9,16,0.7037817239761353,,0.5489323139190674,1
mistral_7b_instruct_v03,8192,0.7,9,32,0.6842684745788574,,0.5264666080474854,1
mistral_7b_instruct_v03,8192,0.7,9,64,0.6649664640426636,,0.5054593682289124,1
mistral_7b_instruct_v03,8192,0.7,9,128,0.6375023722648621,,0.4769831895828247,1
mistral_7b_instruct_v03,8192,0.7,9,256,0.5958070755004883,,0.4368135631084442,1
mistral_7b_instruct_v03,8192,0.7,9,512,0.5274165272712708,,0.3746691644191742,1
mistral_7b_instruct_v03,8192,0.7,9,1024,0.4238247871398926,,0.2900748550891876,1
mistral_7b_instruct_v03,8192,0.7,10,1,0.8356627225875854,,0.721086859703064,1
mistral_7b_instruct_v03,8192,0.7,10,2,0.796442449092865,,0.6653710603713989,1
mistral_7b_instruct_v03,8192,0.7,10,4,0.7607995271682739,,0.6174815893173218,1
mistral_7b_instruct_v03,8192,0.7,10,8,0.7353572249412537,,0.584902822971344,1
mistral_7b_instruct_v03,8192,0.7,10,16,0.720993161201477,,0.5671553015708923,1
mistral_7b_instruct_v03,8192,0.7,10,32,0.6933496594429016,,0.5345584750175476,1
mistral_7b_instruct_v03,8192,0.7,10,64,0.6675947904586792,,0.5060854554176331,1
mistral_7b_instruct_v03,8192,0.7,10,128,0.6322583556175232,,0.4690240919589996,1
mistral_7b_instruct_v03,8192,0.7,10,256,0.5933457612991333,,0.4321500957012176,1
mistral_7b_instruct_v03,8192,0.7,10,512,0.5226447582244873,,0.368539422750473,1
mistral_7b_instruct_v03,8192,0.7,10,1024,0.432974100112915,,0.2969826459884643,1
mistral_7b_instruct_v03,8192,0.7,11,1,0.8007696866989136,,0.6733297109603882,1
mistral_7b_instruct_v03,8192,0.7,11,2,0.752588152885437,,0.6108387112617493,1
mistral_7b_instruct_v03,8192,0.7,11,4,0.7113034725189209,,0.5592955946922302,1
mistral_7b_instruct_v03,8192,0.7,11,8,0.6847048997879028,,0.526940107345581,1
mistral_7b_instruct_v03,8192,0.7,11,16,0.6655584573745728,,0.5048919916152954,1
mistral_7b_instruct_v03,8192,0.7,11,32,0.6447264552116394,,0.4824762642383575,1
mistral_7b_instruct_v03,8192,0.7,11,64,0.6254810094833374,,0.4627977311611175,1
mistral_7b_instruct_v03,8192,0.7,11,128,0.6009656190872192,,0.4384962320327759,1
mistral_7b_instruct_v03,8192,0.7,11,256,0.5595506429672241,,0.4003861546516418,1
mistral_7b_instruct_v03,8192,0.7,11,512,0.4962237775325775,,0.3453385829925537,1
mistral_7b_instruct_v03,8192,0.7,11,1024,0.4076506495475769,,0.2765145897865295,1
mistral_7b_instruct_v03,8192,0.7,12,1,0.7442305684089661,,0.5973249077796936,1
mistral_7b_instruct_v03,8192,0.7,12,2,0.6942105889320374,,0.5372791886329651,1
mistral_7b_instruct_v03,8192,0.7,12,4,0.6555532217025757,,0.4931024312973022,1
mistral_7b_instruct_v03,8192,0.7,12,8,0.6257907152175903,,0.4608663022518158,1
mistral_7b_instruct_v03,8192,0.7,12,16,0.5998179912567139,,0.4335114955902099,1
mistral_7b_instruct_v03,8192,0.7,12,32,0.5750457644462585,,0.4089495241641998,1
mistral_7b_instruct_v03,8192,0.7,12,64,0.5548211336135864,,0.3900942206382751,1
mistral_7b_instruct_v03,8192,0.7,12,128,0.5290971398353577,,0.3667797446250915,1
mistral_7b_instruct_v03,8192,0.7,12,256,0.4948762357234955,,0.3385368883609772,1
mistral_7b_instruct_v03,8192,0.7,12,512,0.4301605522632599,,0.2862652540206909,1
mistral_7b_instruct_v03,8192,0.7,12,1024,0.3302268385887146,,0.2127561867237091,1
mistral_7b_instruct_v03,8192,0.7,13,1,0.8109636902809143,,0.6868992447853088,1
mistral_7b_instruct_v03,8192,0.7,13,2,0.7686847448348999,,0.6302347183227539,1
mistral_7b_instruct_v03,8192,0.7,13,4,0.7286656498908997,,0.5790313482284546,1
mistral_7b_instruct_v03,8192,0.7,13,8,0.6969441175460815,,0.5401653051376343,1
mistral_7b_instruct_v03,8192,0.7,13,16,0.6673020720481873,,0.5055307149887085,1
mistral_7b_instruct_v03,8192,0.7,13,32,0.6380301713943481,,0.4735230803489685,1
mistral_7b_instruct_v03,8192,0.7,13,64,0.60939621925354,,0.4438795149326324,1
mistral_7b_instruct_v03,8192,0.7,13,128,0.5709549188613892,,0.4064754843711853,1
mistral_7b_instruct_v03,8192,0.7,13,256,0.5283969640731812,,0.3688987195491791,1
mistral_7b_instruct_v03,8192,0.7,13,512,0.4575333595275879,,0.3093191683292389,1
mistral_7b_instruct_v03,8192,0.7,13,1024,0.3641046285629272,,0.239128977060318,1
mistral_7b_instruct_v03,8192,0.7,14,1,0.7813957333564758,,0.647233247756958,1
mistral_7b_instruct_v03,8192,0.7,14,2,0.717852771282196,,0.5680183172225952,1
mistral_7b_instruct_v03,8192,0.7,14,4,0.6648883819580078,,0.506224513053894,1
mistral_7b_instruct_v03,8192,0.7,14,8,0.6326095461845398,,0.4701484143733978,1
mistral_7b_instruct_v03,8192,0.7,14,16,0.607905387878418,,0.4435769617557525,1
mistral_7b_instruct_v03,8192,0.7,14,32,0.5848129391670227,,0.4209127128124237,1
mistral_7b_instruct_v03,8192,0.7,14,64,0.5672888159751892,,0.4041858911514282,1
mistral_7b_instruct_v03,8192,0.7,14,128,0.5413075685501099,,0.3799270689487457,1
mistral_7b_instruct_v03,8192,0.7,14,256,0.5006314516067505,,0.3449890315532684,1
mistral_7b_instruct_v03,8192,0.7,14,512,0.4384267330169678,,0.2941314876079559,1
mistral_7b_instruct_v03,8192,0.7,14,1024,0.3477393388748169,,0.2273226678371429,1
mistral_7b_instruct_v03,8192,0.7,15,1,0.7987958788871765,,0.6711538434028625,1
mistral_7b_instruct_v03,8192,0.7,15,2,0.7547963261604309,,0.6132532358169556,1
mistral_7b_instruct_v03,8192,0.7,15,4,0.7133651375770569,,0.5620455145835876,1
mistral_7b_instruct_v03,8192,0.7,15,8,0.677315354347229,,0.5194792747497559,1
mistral_7b_instruct_v03,8192,0.7,15,16,0.6444606184959412,,0.4824676215648651,1
mistral_7b_instruct_v03,8192,0.7,15,32,0.6160233616828918,,0.4528449177742004,1
mistral_7b_instruct_v03,8192,0.7,15,64,0.5885273814201355,,0.4249164462089538,1
mistral_7b_instruct_v03,8192,0.7,15,128,0.555479109287262,,0.3937543034553528,1
mistral_7b_instruct_v03,8192,0.7,15,256,0.5175992846488953,,0.3607818186283111,1
mistral_7b_instruct_v03,8192,0.7,15,512,0.4519453942775726,,0.3061377704143524,1
mistral_7b_instruct_v03,8192,0.7,15,1024,0.3553215861320495,,0.2330463230609893,1
mistral_7b_instruct_v03,8192,0.7,16,1,0.7946560382843018,,0.6664182543754578,1
mistral_7b_instruct_v03,8192,0.7,16,2,0.7474910616874695,,0.6043338179588318,1
mistral_7b_instruct_v03,8192,0.7,16,4,0.7026276588439941,,0.5493232011795044,1
mistral_7b_instruct_v03,8192,0.7,16,8,0.6662534475326538,,0.5070421695709229,1
mistral_7b_instruct_v03,8192,0.7,16,16,0.6339684724807739,,0.4710012674331665,1
mistral_7b_instruct_v03,8192,0.7,16,32,0.606987714767456,,0.4433436989784241,1
mistral_7b_instruct_v03,8192,0.7,16,64,0.5833313465118408,,0.41949662566185,1
mistral_7b_instruct_v03,8192,0.7,16,128,0.5552312135696411,,0.3932828307151794,1
mistral_7b_instruct_v03,8192,0.7,16,256,0.5156571269035339,,0.3586839735507965,1
mistral_7b_instruct_v03,8192,0.7,16,512,0.4482148587703705,,0.3025788068771362,1
mistral_7b_instruct_v03,8192,0.7,16,1024,0.347308486700058,,0.226500853896141,1
mistral_7b_instruct_v03,8192,0.7,17,1,0.7692432403564453,,0.6316567063331604,1
mistral_7b_instruct_v03,8192,0.7,17,2,0.7097795605659485,,0.5571250319480896,1
mistral_7b_instruct_v03,8192,0.7,17,4,0.6612153053283691,,0.5003638863563538,1
mistral_7b_instruct_v03,8192,0.7,17,8,0.6299570798873901,,0.4654434025287628,1
mistral_7b_instruct_v03,8192,0.7,17,16,0.6064573526382446,,0.440251350402832,1
mistral_7b_instruct_v03,8192,0.7,17,32,0.5813460946083069,,0.4149721562862396,1
mistral_7b_instruct_v03,8192,0.7,17,64,0.5633967518806458,,0.3980108797550201,1
mistral_7b_instruct_v03,8192,0.7,17,128,0.53117436170578,,0.3684735298156738,1
mistral_7b_instruct_v03,8192,0.7,17,256,0.4943574965000152,,0.3376829326152801,1
mistral_7b_instruct_v03,8192,0.7,17,512,0.4330510199069977,,0.2885384559631347,1
mistral_7b_instruct_v03,8192,0.7,17,1024,0.3579164445400238,,0.2347804903984069,1
mistral_7b_instruct_v03,8192,0.7,18,1,0.778052568435669,,0.6430120468139648,1
mistral_7b_instruct_v03,8192,0.7,18,2,0.7234926819801331,,0.5726643800735474,1
mistral_7b_instruct_v03,8192,0.7,18,4,0.6812056303024292,,0.5222909450531006,1
mistral_7b_instruct_v03,8192,0.7,18,8,0.6522841453552246,,0.4894313514232635,1
mistral_7b_instruct_v03,8192,0.7,18,16,0.6289271116256714,,0.4636101722717285,1
mistral_7b_instruct_v03,8192,0.7,18,32,0.6101253628730774,,0.4447776079177856,1
mistral_7b_instruct_v03,8192,0.7,18,64,0.5904518961906433,,0.4252526462078094,1
mistral_7b_instruct_v03,8192,0.7,18,128,0.5631342530250549,,0.3996359705924988,1
mistral_7b_instruct_v03,8192,0.7,18,256,0.524127185344696,,0.365462064743042,1
mistral_7b_instruct_v03,8192,0.7,18,512,0.4587574303150177,,0.3112761676311493,1
mistral_7b_instruct_v03,8192,0.7,18,1024,0.3714618682861328,,0.2454226911067962,1
mistral_7b_instruct_v03,8192,0.7,19,1,0.8020105957984924,,0.6756650805473328,1
mistral_7b_instruct_v03,8192,0.7,19,2,0.7523097395896912,,0.6090250015258789,1
mistral_7b_instruct_v03,8192,0.7,19,4,0.7058853507041931,,0.5516181588172913,1
mistral_7b_instruct_v03,8192,0.7,19,8,0.6708345413208008,,0.5102404356002808,1
mistral_7b_instruct_v03,8192,0.7,19,16,0.640373706817627,,0.4760789275169372,1
mistral_7b_instruct_v03,8192,0.7,19,32,0.6128266453742981,,0.447468101978302,1
mistral_7b_instruct_v03,8192,0.7,19,64,0.5938917398452759,,0.4284505844116211,1
mistral_7b_instruct_v03,8192,0.7,19,128,0.5592769384384155,,0.395793467760086,1
mistral_7b_instruct_v03,8192,0.7,19,256,0.5184744596481323,,0.3599280416965484,1
mistral_7b_instruct_v03,8192,0.7,19,512,0.4476368427276611,,0.3011298477649688,1
mistral_7b_instruct_v03,8192,0.7,19,1024,0.363162100315094,,0.2383943200111389,1
mistral_7b_instruct_v03,8192,0.7,20,1,0.7854478359222412,,0.653362512588501,1
mistral_7b_instruct_v03,8192,0.7,20,2,0.7295575737953186,,0.5812080502510071,1
mistral_7b_instruct_v03,8192,0.7,20,4,0.6826236844062805,,0.5253391265869141,1
mistral_7b_instruct_v03,8192,0.7,20,8,0.6509492993354797,,0.4891090989112854,1
mistral_7b_instruct_v03,8192,0.7,20,16,0.6284613013267517,,0.4643500745296478,1
mistral_7b_instruct_v03,8192,0.7,20,32,0.6084715723991394,,0.4441152811050415,1
mistral_7b_instruct_v03,8192,0.7,20,64,0.5924211740493774,,0.428157776594162,1
mistral_7b_instruct_v03,8192,0.7,20,128,0.5633588433265686,,0.400991827249527,1
mistral_7b_instruct_v03,8192,0.7,20,256,0.5242461562156677,,0.3662942945957184,1
mistral_7b_instruct_v03,8192,0.7,20,512,0.4603030681610107,,0.3130134344100952,1
mistral_7b_instruct_v03,8192,0.7,20,1024,0.370763748884201,,0.2454194128513336,1
mistral_7b_instruct_v03,8192,0.7,21,1,0.779638946056366,,0.644651472568512,1
mistral_7b_instruct_v03,8192,0.7,21,2,0.724473237991333,,0.5731005668640137,1
mistral_7b_instruct_v03,8192,0.7,21,4,0.6815696954727173,,0.5216470956802368,1
mistral_7b_instruct_v03,8192,0.7,21,8,0.6520562767982483,,0.487901896238327,1
mistral_7b_instruct_v03,8192,0.7,21,16,0.625082790851593,,0.4583997428417206,1
mistral_7b_instruct_v03,8192,0.7,21,32,0.6073785424232483,,0.4405512809753418,1
mistral_7b_instruct_v03,8192,0.7,21,64,0.5886750817298889,,0.4222213327884674,1
mistral_7b_instruct_v03,8192,0.7,21,128,0.5541905164718628,,0.3896893560886383,1
mistral_7b_instruct_v03,8192,0.7,21,256,0.5145872831344604,,0.3554857075214386,1
mistral_7b_instruct_v03,8192,0.7,21,512,0.4536226689815521,,0.3058800101280212,1
mistral_7b_instruct_v03,8192,0.7,21,1024,0.3860781788825989,,0.2572843432426452,1
mistral_7b_instruct_v03,8192,0.7,22,1,0.7916501760482788,,0.6611297130584717,1
mistral_7b_instruct_v03,8192,0.7,22,2,0.7410882115364075,,0.5943027138710022,1
mistral_7b_instruct_v03,8192,0.7,22,4,0.7055791616439819,,0.5506340861320496,1
mistral_7b_instruct_v03,8192,0.7,22,8,0.6830467581748962,,0.5235921740531921,1
mistral_7b_instruct_v03,8192,0.7,22,16,0.665087878704071,,0.502853274345398,1
mistral_7b_instruct_v03,8192,0.7,22,32,0.6456233263015747,,0.481940358877182,1
mistral_7b_instruct_v03,8192,0.7,22,64,0.6247901320457458,,0.4602976739406585,1
mistral_7b_instruct_v03,8192,0.7,22,128,0.5975949764251709,,0.433900386095047,1
mistral_7b_instruct_v03,8192,0.7,22,256,0.5590324997901917,,0.398404598236084,1
mistral_7b_instruct_v03,8192,0.7,22,512,0.5034229159355164,,0.3513958752155304,1
mistral_7b_instruct_v03,8192,0.7,22,1024,0.4299964308738708,,0.2953606843948364,1
mistral_7b_instruct_v03,8192,0.7,23,1,0.7974892854690552,,0.6671329736709595,1
mistral_7b_instruct_v03,8192,0.7,23,2,0.7504682540893555,,0.6045715808868408,1
mistral_7b_instruct_v03,8192,0.7,23,4,0.7137133479118347,,0.5590060949325562,1
mistral_7b_instruct_v03,8192,0.7,23,8,0.6859230399131775,,0.5257022380828857,1
mistral_7b_instruct_v03,8192,0.7,23,16,0.6635045409202576,,0.4999678432941437,1
mistral_7b_instruct_v03,8192,0.7,23,32,0.6344950795173645,,0.4685372114181518,1
mistral_7b_instruct_v03,8192,0.7,23,64,0.6109890341758728,,0.4444028735160827,1
mistral_7b_instruct_v03,8192,0.7,23,128,0.5814700722694397,,0.4162003695964813,1
mistral_7b_instruct_v03,8192,0.7,23,256,0.5316208600997925,,0.3708694875240326,1
mistral_7b_instruct_v03,8192,0.7,23,512,0.4826405346393585,,0.3313441872596741,1
mistral_7b_instruct_v03,8192,0.7,23,1024,0.4047826528549194,,0.2727680504322052,1
mistral_7b_instruct_v03,8192,0.7,24,1,0.7519867420196533,,0.6086697578430176,1
mistral_7b_instruct_v03,8192,0.7,24,2,0.6967425346374512,,0.5400650501251221,1
mistral_7b_instruct_v03,8192,0.7,24,4,0.6668705940246582,,0.5053958892822266,1
mistral_7b_instruct_v03,8192,0.7,24,8,0.6528415679931641,,0.4893609285354614,1
mistral_7b_instruct_v03,8192,0.7,24,16,0.638198733329773,,0.4730515778064728,1
mistral_7b_instruct_v03,8192,0.7,24,32,0.6193280816078186,,0.4536036252975464,1
mistral_7b_instruct_v03,8192,0.7,24,64,0.6014751195907593,,0.4358975887298584,1
mistral_7b_instruct_v03,8192,0.7,24,128,0.5704662799835205,,0.4062981307506561,1
mistral_7b_instruct_v03,8192,0.7,24,256,0.5382016897201538,,0.3780805170536041,1
mistral_7b_instruct_v03,8192,0.7,24,512,0.4790149629116058,,0.3288369476795196,1
mistral_7b_instruct_v03,8192,0.7,24,1024,0.4044839739799499,,0.2731319665908813,1
mistral_7b_instruct_v03,8192,0.7,25,1,0.7814474105834961,,0.646384060382843,1
mistral_7b_instruct_v03,8192,0.7,25,2,0.731275200843811,,0.5815063714981079,1
mistral_7b_instruct_v03,8192,0.7,25,4,0.6998689770698547,,0.5433750748634338,1
mistral_7b_instruct_v03,8192,0.7,25,8,0.6799466013908386,,0.5196935534477234,1
mistral_7b_instruct_v03,8192,0.7,25,16,0.6655237674713135,,0.5029176473617554,1
mistral_7b_instruct_v03,8192,0.7,25,32,0.6480803489685059,,0.4842375814914703,1
mistral_7b_instruct_v03,8192,0.7,25,64,0.6292532086372375,,0.4647979438304901,1
mistral_7b_instruct_v03,8192,0.7,25,128,0.5989180207252502,,0.4348699152469635,1
mistral_7b_instruct_v03,8192,0.7,25,256,0.5610891580581665,,0.4002006947994232,1
mistral_7b_instruct_v03,8192,0.7,25,512,0.5041632056236267,,0.3518196642398834,1
mistral_7b_instruct_v03,8192,0.7,25,1024,0.4362475872039795,,0.3007824122905731,1
mistral_7b_instruct_v03,8192,0.7,26,1,0.7538881301879883,,0.6095759868621826,1
mistral_7b_instruct_v03,8192,0.7,26,2,0.6969200372695923,,0.5396788120269775,1
mistral_7b_instruct_v03,8192,0.7,26,4,0.6634379029273987,,0.5013250708580017,1
mistral_7b_instruct_v03,8192,0.7,26,8,0.6465252041816711,,0.482234925031662,1
mistral_7b_instruct_v03,8192,0.7,26,16,0.6357504725456238,,0.4703907072544098,1
mistral_7b_instruct_v03,8192,0.7,26,32,0.6205565929412842,,0.454755038022995,1
mistral_7b_instruct_v03,8192,0.7,26,64,0.6010143756866455,,0.4352501034736633,1
mistral_7b_instruct_v03,8192,0.7,26,128,0.5701947808265686,,0.4058315455913543,1
mistral_7b_instruct_v03,8192,0.7,26,256,0.5362590551376343,,0.3761596977710724,1
mistral_7b_instruct_v03,8192,0.7,26,512,0.477830022573471,,0.3275471925735473,1
mistral_7b_instruct_v03,8192,0.7,26,1024,0.4095377326011657,,0.2772866487503052,1
mistral_7b_instruct_v03,8192,0.7,27,1,0.7847156524658203,,0.6480816006660461,1
mistral_7b_instruct_v03,8192,0.7,27,2,0.730443000793457,,0.5779455900192261,1
mistral_7b_instruct_v03,8192,0.7,27,4,0.6925190687179565,,0.5324931144714355,1
mistral_7b_instruct_v03,8192,0.7,27,8,0.6804805397987366,,0.5184759497642517,1
mistral_7b_instruct_v03,8192,0.7,27,16,0.6632584929466248,,0.4991084933280945,1
mistral_7b_instruct_v03,8192,0.7,27,32,0.648413896560669,,0.4830407798290252,1
mistral_7b_instruct_v03,8192,0.7,27,64,0.6200984120368958,,0.4535488188266754,1
mistral_7b_instruct_v03,8192,0.7,27,128,0.5742292404174805,,0.4083716571331024,1
mistral_7b_instruct_v03,8192,0.7,27,256,0.5488790273666382,,0.386971652507782,1
mistral_7b_instruct_v03,8192,0.7,27,512,0.4752050936222076,,0.3240844011306762,1
mistral_7b_instruct_v03,8192,0.7,27,1024,0.402392715215683,,0.2702925205230713,1
mistral_7b_instruct_v03,8192,0.7,28,1,0.7587223649024963,,0.6165395379066467,1
mistral_7b_instruct_v03,8192,0.7,28,2,0.7040597200393677,,0.548702597618103,1
mistral_7b_instruct_v03,8192,0.7,28,4,0.6689659953117371,,0.5082668662071228,1
mistral_7b_instruct_v03,8192,0.7,28,8,0.6470474600791931,,0.4834204614162445,1
mistral_7b_instruct_v03,8192,0.7,28,16,0.6309763789176941,,0.4655947983264923,1
mistral_7b_instruct_v03,8192,0.7,28,32,0.6116246581077576,,0.4457350671291351,1
mistral_7b_instruct_v03,8192,0.7,28,64,0.5891715884208679,,0.4234260320663452,1
mistral_7b_instruct_v03,8192,0.7,28,128,0.5607757568359375,,0.3968885838985443,1
mistral_7b_instruct_v03,8192,0.7,28,256,0.5207517743110657,,0.3617796897888183,1
mistral_7b_instruct_v03,8192,0.7,28,512,0.4599015414714813,,0.3118094503879547,1
mistral_7b_instruct_v03,8192,0.7,28,1024,0.3876524269580841,,0.2587299644947052,1
mistral_7b_instruct_v03,8192,0.7,29,1,0.7642161846160889,,0.6220657229423523,1
mistral_7b_instruct_v03,8192,0.7,29,2,0.7023918628692627,,0.5452093482017517,1
mistral_7b_instruct_v03,8192,0.7,29,4,0.6601044535636902,,0.4969541728496551,1
mistral_7b_instruct_v03,8192,0.7,29,8,0.643704354763031,,0.4789282083511352,1
mistral_7b_instruct_v03,8192,0.7,29,16,0.6282930374145508,,0.4622170627117157,1
mistral_7b_instruct_v03,8192,0.7,29,32,0.6149189472198486,,0.4487075805664062,1
mistral_7b_instruct_v03,8192,0.7,29,64,0.5936917066574097,,0.4273841679096222,1
mistral_7b_instruct_v03,8192,0.7,29,128,0.5587158203125,,0.3943157792091369,1
mistral_7b_instruct_v03,8192,0.7,29,256,0.5212625861167908,,0.3618330359458923,1
mistral_7b_instruct_v03,8192,0.7,29,512,0.457968145608902,,0.3096794188022613,1
mistral_7b_instruct_v03,8192,0.7,29,1024,0.3793367147445678,,0.2514573931694031,1
mistral_7b_instruct_v03,8192,0.7,30,1,0.72145015001297,,0.5700498819351196,1
mistral_7b_instruct_v03,8192,0.7,30,2,0.6536087989807129,,0.4918617308139801,1
mistral_7b_instruct_v03,8192,0.7,30,4,0.6152707934379578,,0.450779914855957,1
mistral_7b_instruct_v03,8192,0.7,30,8,0.5953905582427979,,0.4299465417861938,1
mistral_7b_instruct_v03,8192,0.7,30,16,0.5845323801040649,,0.4185380339622497,1
mistral_7b_instruct_v03,8192,0.7,30,32,0.5633059144020081,,0.3979187607765198,1
mistral_7b_instruct_v03,8192,0.7,30,64,0.5505626201629639,,0.3863678574562073,1
mistral_7b_instruct_v03,8192,0.7,30,128,0.5183595418930054,,0.3573364317417145,1
mistral_7b_instruct_v03,8192,0.7,30,256,0.4842660129070282,,0.3290913105010986,1
mistral_7b_instruct_v03,8192,0.7,30,512,0.424163669347763,,0.2814548015594482,1
mistral_7b_instruct_v03,8192,0.7,30,1024,0.3478118777275085,,0.2265533208847046,1
mistral_7b_instruct_v03,8192,0.7,31,1,0.7579022645950317,,0.6143431663513184,1
mistral_7b_instruct_v03,8192,0.7,31,2,0.7025116682052612,,0.5461550354957581,1
mistral_7b_instruct_v03,8192,0.7,31,4,0.6734935641288757,,0.5128638744354248,1
mistral_7b_instruct_v03,8192,0.7,31,8,0.655653178691864,,0.492704689502716,1
mistral_7b_instruct_v03,8192,0.7,31,16,0.6467901468276978,,0.4828332066535949,1
mistral_7b_instruct_v03,8192,0.7,31,32,0.6313484907150269,,0.4667969048023224,1
mistral_7b_instruct_v03,8192,0.7,31,64,0.6118281483650208,,0.4468214809894562,1
mistral_7b_instruct_v03,8192,0.7,31,128,0.5855829119682312,,0.4217171370983124,1
mistral_7b_instruct_v03,8192,0.7,31,256,0.549950897693634,,0.3896993100643158,1
mistral_7b_instruct_v03,8192,0.7,31,512,0.4879035055637359,,0.3368953168392181,1
mistral_7b_instruct_v03,8192,0.7,31,1024,0.4052082300186157,,0.2734169363975525,1
qwen3_8b,8192,0.3,0,1,0.8757892847061157,,0.7808195352554321,1
qwen3_8b,8192,0.3,0,2,0.8728148937225342,,0.7762002348899841,1
qwen3_8b,8192,0.3,0,4,0.868200957775116,,0.7689199447631836,1
qwen3_8b,8192,0.3,0,8,0.8655927777290344,,0.7650803327560425,1
qwen3_8b,8192,0.3,0,16,0.8592088222503662,,0.7555919289588928,1
qwen3_8b,8192,0.3,0,32,0.8470933437347412,,0.7380893230438232,1
qwen3_8b,8192,0.3,0,64,0.8249930143356323,,0.7072093486785889,1
qwen3_8b,8192,0.3,0,128,0.8008975386619568,,0.6765055060386658,1
qwen3_8b,8192,0.3,0,256,0.7846770882606506,,0.6612921357154846,1
qwen3_8b,8192,0.3,0,512,0.76202791929245,,0.644341230392456,1
qwen3_8b,8192,0.3,0,1024,0.6868607997894287,,0.5691850185394287,1
qwen3_8b,8192,0.3,1,1,0.8897073268890381,,0.80232173204422,1
qwen3_8b,8192,0.3,1,2,0.8755050897598267,,0.7796006202697754,1
qwen3_8b,8192,0.3,1,4,0.8675550222396851,,0.7672109007835388,1
qwen3_8b,8192,0.3,1,8,0.8625514507293701,,0.759644091129303,1
qwen3_8b,8192,0.3,1,16,0.8535992503166199,,0.7463439106941223,1
qwen3_8b,8192,0.3,1,32,0.8440888524055481,,0.7330469489097595,1
qwen3_8b,8192,0.3,1,64,0.8378662467002869,,0.7258797883987427,1
qwen3_8b,8192,0.3,1,128,0.8182655572891235,,0.701092004776001,1
qwen3_8b,8192,0.3,1,256,0.7992855310440063,,0.6816603541374207,1
qwen3_8b,8192,0.3,1,512,0.7585396766662598,,0.6392359733581543,1
qwen3_8b,8192,0.3,1,1024,0.6890640258789062,,0.5719059705734253,1
qwen3_8b,8192,0.3,2,1,0.8960399627685547,,0.8123003244400024,1
qwen3_8b,8192,0.3,2,2,0.8803103566169739,,0.7869011759757996,1
qwen3_8b,8192,0.3,2,4,0.8747890591621399,,0.7783046960830688,1
qwen3_8b,8192,0.3,2,8,0.8689275979995728,,0.7693331241607666,1
qwen3_8b,8192,0.3,2,16,0.862043023109436,,0.7591362595558167,1
qwen3_8b,8192,0.3,2,32,0.8514134287834167,,0.7439072728157043,1
qwen3_8b,8192,0.3,2,64,0.8416964411735535,,0.7313910722732544,1
qwen3_8b,8192,0.3,2,128,0.8279492855072021,,0.7151543498039246,1
qwen3_8b,8192,0.3,2,256,0.8014936447143555,,0.6846762895584106,1
qwen3_8b,8192,0.3,2,512,0.756532609462738,,0.6363450288772583,1
qwen3_8b,8192,0.3,2,1024,0.698029637336731,,0.583518922328949,1
qwen3_8b,8192,0.3,3,1,0.8875414729118347,,0.7992843389511108,1
qwen3_8b,8192,0.3,3,2,0.8727926015853882,,0.7756977677345276,1
qwen3_8b,8192,0.3,3,4,0.8680970072746277,,0.7684708833694458,1
qwen3_8b,8192,0.3,3,8,0.8644703030586243,,0.7630999088287354,1
qwen3_8b,8192,0.3,3,16,0.859431803226471,,0.7558386921882629,1
qwen3_8b,8192,0.3,3,32,0.8535344004631042,,0.7479372620582581,1
qwen3_8b,8192,0.3,3,64,0.8468723893165588,,0.73995441198349,1
qwen3_8b,8192,0.3,3,128,0.833347737789154,,0.7238730192184448,1
qwen3_8b,8192,0.3,3,256,0.8142573237419128,,0.7038832902908325,1
qwen3_8b,8192,0.3,3,512,0.7782108187675476,,0.6672750115394592,1
qwen3_8b,8192,0.3,3,1024,0.7173860669136047,,0.6100229024887085,1
qwen3_8b,8192,0.3,4,1,0.8919945359230042,,0.8062992691993713,1
qwen3_8b,8192,0.3,4,2,0.879973828792572,,0.7868981957435608,1
qwen3_8b,8192,0.3,4,4,0.8769090175628662,,0.7821705341339111,1
qwen3_8b,8192,0.3,4,8,0.8743650317192078,,0.7784379720687866,1
qwen3_8b,8192,0.3,4,16,0.8702524900436401,,0.7724646329879761,1
qwen3_8b,8192,0.3,4,32,0.863926887512207,,0.7637612223625183,1
qwen3_8b,8192,0.3,4,64,0.8563018441200256,,0.7542032599449158,1
qwen3_8b,8192,0.3,4,128,0.8428852558135986,,0.7380220890045166,1
qwen3_8b,8192,0.3,4,256,0.8223104476928711,,0.7156016230583191,1
qwen3_8b,8192,0.3,4,512,0.7864258289337158,,0.6788701415061951,1
qwen3_8b,8192,0.3,4,1024,0.7250407934188843,,0.6203912496566772,1
qwen3_8b,8192,0.3,5,1,0.8883201479911804,,0.8001706004142761,1
qwen3_8b,8192,0.3,5,2,0.8714494705200195,,0.7730698585510254,1
qwen3_8b,8192,0.3,5,4,0.8609868884086609,,0.7568654417991638,1
qwen3_8b,8192,0.3,5,8,0.8536729216575623,,0.7458626627922058,1
qwen3_8b,8192,0.3,5,16,0.8463960289955139,,0.7353366017341614,1
qwen3_8b,8192,0.3,5,32,0.834667980670929,,0.7188915610313416,1
qwen3_8b,8192,0.3,5,64,0.8200594782829285,,0.6995723843574524,1
qwen3_8b,8192,0.3,5,128,0.8019320964813232,,0.677561342716217,1
qwen3_8b,8192,0.3,5,256,0.7794628143310547,,0.6536906361579895,1
qwen3_8b,8192,0.3,5,512,0.7480660080909729,,0.6248714327812195,1
qwen3_8b,8192,0.3,5,1024,0.6936140060424805,,0.5778073072433472,1
qwen3_8b,8192,0.3,6,1,0.8937619924545288,,0.808969259262085,1
qwen3_8b,8192,0.3,6,2,0.8739513158798218,,0.7771759629249573,1
qwen3_8b,8192,0.3,6,4,0.8604041337966919,,0.7560931444168091,1
qwen3_8b,8192,0.3,6,8,0.8483361005783081,,0.737870991230011,1
qwen3_8b,8192,0.3,6,16,0.8450945615768433,,0.7335484027862549,1
qwen3_8b,8192,0.3,6,32,0.8316793441772461,,0.7146223783493042,1
qwen3_8b,8192,0.3,6,64,0.8193042874336243,,0.6985710859298706,1
qwen3_8b,8192,0.3,6,128,0.8027288913726807,,0.6787773966789246,1
qwen3_8b,8192,0.3,6,256,0.7879080176353455,,0.665580153465271,1
qwen3_8b,8192,0.3,6,512,0.7416607737541199,,0.6162471175193787,1
qwen3_8b,8192,0.3,6,1024,0.674237072467804,,0.5527418255805969,1
qwen3_8b,8192,0.3,7,1,0.8907596468925476,,0.8038949370384216,1
qwen3_8b,8192,0.3,7,2,0.8715273141860962,,0.7731121182441711,1
qwen3_8b,8192,0.3,7,4,0.858604371547699,,0.7531164884567261,1
qwen3_8b,8192,0.3,7,8,0.8463406562805176,,0.7346699237823486,1
qwen3_8b,8192,0.3,7,16,0.8329033851623535,,0.7151293158531189,1
qwen3_8b,8192,0.3,7,32,0.8197916150093079,,0.6970338225364685,1
qwen3_8b,8192,0.3,7,64,0.8077029585838318,,0.6817376017570496,1
qwen3_8b,8192,0.3,7,128,0.7879021763801575,,0.6578088998794556,1
qwen3_8b,8192,0.3,7,256,0.7734763026237488,,0.6453129649162292,1
qwen3_8b,8192,0.3,7,512,0.7390459179878235,,0.6126000881195068,1
qwen3_8b,8192,0.3,7,1024,0.6795526146888733,,0.5594639778137207,1
qwen3_8b,8192,0.3,8,1,0.8914244771003723,,0.8060044646263123,1
qwen3_8b,8192,0.3,8,2,0.8679050207138062,,0.7687399387359619,1
qwen3_8b,8192,0.3,8,4,0.8547775745391846,,0.7486095428466797,1
qwen3_8b,8192,0.3,8,8,0.8479373455047607,,0.7384800910949707,1
qwen3_8b,8192,0.3,8,16,0.8412269353866577,,0.7286720871925354,1
qwen3_8b,8192,0.3,8,32,0.8334940075874329,,0.718341052532196,1
qwen3_8b,8192,0.3,8,64,0.8254824280738831,,0.7085410952568054,1
qwen3_8b,8192,0.3,8,128,0.8140738606452942,,0.6958621144294739,1
qwen3_8b,8192,0.3,8,256,0.7945168614387512,,0.6756919026374817,1
qwen3_8b,8192,0.3,8,512,0.7605947852134705,,0.6428351402282715,1
qwen3_8b,8192,0.3,8,1024,0.6941729187965393,,0.5791419744491577,1
qwen3_8b,8192,0.3,9,1,0.8794788122177124,,0.7865999341011047,1
qwen3_8b,8192,0.3,9,2,0.8595736622810364,,0.7555174827575684,1
qwen3_8b,8192,0.3,9,4,0.8503487706184387,,0.7414600849151611,1
qwen3_8b,8192,0.3,9,8,0.8431104421615601,,0.730745792388916,1
qwen3_8b,8192,0.3,9,16,0.8350580930709839,,0.7191342711448669,1
qwen3_8b,8192,0.3,9,32,0.8256804943084717,,0.7063910961151123,1
qwen3_8b,8192,0.3,9,64,0.8125939965248108,,0.6894716620445251,1
qwen3_8b,8192,0.3,9,128,0.800056517124176,,0.6755215525627136,1
qwen3_8b,8192,0.3,9,256,0.7792061567306519,,0.653895378112793,1
qwen3_8b,8192,0.3,9,512,0.7460998892784119,,0.6226919293403625,1
qwen3_8b,8192,0.3,9,1024,0.6893362998962402,,0.5726904273033142,1
qwen3_8b,8192,0.3,10,1,0.912207305431366,,0.8401886820793152,1
qwen3_8b,8192,0.3,10,2,0.8983574509620667,,0.8171963095664978,1
qwen3_8b,8192,0.3,10,4,0.8925044536590576,,0.8076105117797852,1
qwen3_8b,8192,0.3,10,8,0.8883845210075378,,0.801127016544342,1
qwen3_8b,8192,0.3,10,16,0.8839635252952576,,0.7945454716682434,1
qwen3_8b,8192,0.3,10,32,0.8766743540763855,,0.7840942144393921,1
qwen3_8b,8192,0.3,10,64,0.8685441613197327,,0.7735118269920349,1
qwen3_8b,8192,0.3,10,128,0.8561753630638123,,0.758685290813446,1
qwen3_8b,8192,0.3,10,256,0.8364835977554321,,0.7371319532394409,1
qwen3_8b,8192,0.3,10,512,0.7973790168762207,,0.6949927806854248,1
qwen3_8b,8192,0.3,10,1024,0.7244551181793213,,0.6196624040603638,1
qwen3_8b,8192,0.3,11,1,0.9197843074798584,,0.852441668510437,1
qwen3_8b,8192,0.3,11,2,0.9074082374572754,,0.8314735293388367,1
qwen3_8b,8192,0.3,11,4,0.9002324938774109,,0.8196357488632202,1
qwen3_8b,8192,0.3,11,8,0.8942473530769348,,0.8100455403327942,1
qwen3_8b,8192,0.3,11,16,0.885829508304596,,0.7969027757644653,1
qwen3_8b,8192,0.3,11,32,0.8758535385131836,,0.7821270227432251,1
qwen3_8b,8192,0.3,11,64,0.8688391447067261,,0.7734120488166809,1
qwen3_8b,8192,0.3,11,128,0.8478924036026001,,0.745356559753418,1
qwen3_8b,8192,0.3,11,256,0.8305931091308594,,0.7277849316596985,1
qwen3_8b,8192,0.3,11,512,0.7891430854797363,,0.6826205253601074,1
qwen3_8b,8192,0.3,11,1024,0.7199981212615967,,0.6132876873016357,1
qwen3_8b,8192,0.3,12,1,0.8736623525619507,,0.7774137854576111,1
qwen3_8b,8192,0.3,12,2,0.8476298451423645,,0.7374784350395203,1
qwen3_8b,8192,0.3,12,4,0.834191620349884,,0.7177872657775879,1
qwen3_8b,8192,0.3,12,8,0.8261170387268066,,0.706296443939209,1
qwen3_8b,8192,0.3,12,16,0.8191096782684326,,0.6963205337524414,1
qwen3_8b,8192,0.3,12,32,0.8098180294036865,,0.6842079758644104,1
qwen3_8b,8192,0.3,12,64,0.7992056012153625,,0.6710079312324524,1
qwen3_8b,8192,0.3,12,128,0.7858054637908936,,0.6560307741165161,1
qwen3_8b,8192,0.3,12,256,0.7621545791625977,,0.630946695804596,1
qwen3_8b,8192,0.3,12,512,0.7281576991081238,,0.5991852879524231,1
qwen3_8b,8192,0.3,12,1024,0.672904372215271,,0.5517640113830566,1
qwen3_8b,8192,0.3,13,1,0.8903049230575562,,0.8036167025566101,1
qwen3_8b,8192,0.3,13,2,0.866787314414978,,0.7664399743080139,1
qwen3_8b,8192,0.3,13,4,0.8498335480690002,,0.7406034469604492,1
qwen3_8b,8192,0.3,13,8,0.8364489078521729,,0.7207385301589966,1
qwen3_8b,8192,0.3,13,16,0.8250727653503418,,0.7043765783309937,1
qwen3_8b,8192,0.3,13,32,0.8123372197151184,,0.6870387196540833,1
qwen3_8b,8192,0.3,13,64,0.8022346496582031,,0.6746267080307007,1
qwen3_8b,8192,0.3,13,128,0.7801552414894104,,0.6476539969444275,1
qwen3_8b,8192,0.3,13,256,0.7590241432189941,,0.6262383460998535,1
qwen3_8b,8192,0.3,13,512,0.7206153869628906,,0.588855504989624,1
qwen3_8b,8192,0.3,13,1024,0.6677538752555847,,0.5448141694068909,1
qwen3_8b,8192,0.3,14,1,0.8952237367630005,,0.8119326233863831,1
qwen3_8b,8192,0.3,14,2,0.875532865524292,,0.7804458737373352,1
qwen3_8b,8192,0.3,14,4,0.8601137399673462,,0.7565688490867615,1
qwen3_8b,8192,0.3,14,8,0.8475120663642883,,0.737615168094635,1
qwen3_8b,8192,0.3,14,16,0.8359132409095764,,0.7206404805183411,1
qwen3_8b,8192,0.3,14,32,0.8237342238426208,,0.7037518620491028,1
qwen3_8b,8192,0.3,14,64,0.8140339851379395,,0.6916753053665161,1
qwen3_8b,8192,0.3,14,128,0.7975512742996216,,0.6719961762428284,1
qwen3_8b,8192,0.3,14,256,0.7725638151168823,,0.6448277831077576,1
qwen3_8b,8192,0.3,14,512,0.7323591113090515,,0.6044010519981384,1
qwen3_8b,8192,0.3,14,1024,0.6701074838638306,,0.5479154586791992,1
qwen3_8b,8192,0.3,15,1,0.88265460729599,,0.7917343378067017,1
qwen3_8b,8192,0.3,15,2,0.8625923991203308,,0.7603543996810913,1
qwen3_8b,8192,0.3,15,4,0.8483449816703796,,0.7387670874595642,1
qwen3_8b,8192,0.3,15,8,0.8337817192077637,,0.7171359062194824,1
qwen3_8b,8192,0.3,15,16,0.8191065788269043,,0.6961207389831543,1
qwen3_8b,8192,0.3,15,32,0.8049132227897644,,0.6767904162406921,1
qwen3_8b,8192,0.3,15,64,0.7866652607917786,,0.6532225012779236,1
qwen3_8b,8192,0.3,15,128,0.7699045538902283,,0.6340769529342651,1
qwen3_8b,8192,0.3,15,256,0.7457598447799683,,0.6089572906494141,1
qwen3_8b,8192,0.3,15,512,0.7128681540489197,,0.5790808200836182,1
qwen3_8b,8192,0.3,15,1024,0.6603401899337769,,0.5357149839401245,1
qwen3_8b,8192,0.3,16,1,0.8998234868049622,,0.8195337653160095,1
qwen3_8b,8192,0.3,16,2,0.8846026062965393,,0.7950212955474854,1
qwen3_8b,8192,0.3,16,4,0.8745443820953369,,0.7792218923568726,1
qwen3_8b,8192,0.3,16,8,0.8635154366493225,,0.7622402310371399,1
qwen3_8b,8192,0.3,16,16,0.8523566126823425,,0.7454723119735718,1
qwen3_8b,8192,0.3,16,32,0.8395809531211853,,0.727257251739502,1
qwen3_8b,8192,0.3,16,64,0.825866162776947,,0.7090124487876892,1
qwen3_8b,8192,0.3,16,128,0.8063479065895081,,0.6847122311592102,1
qwen3_8b,8192,0.3,16,256,0.7797495722770691,,0.6549564003944397,1
qwen3_8b,8192,0.3,16,512,0.7448086142539978,,0.6211445927619934,1
qwen3_8b,8192,0.3,16,1024,0.6885145902633667,,0.5716084241867065,1
qwen3_8b,8192,0.3,17,1,0.889772355556488,,0.8031468391418457,1
qwen3_8b,8192,0.3,17,2,0.8657882809638977,,0.7653053402900696,1
qwen3_8b,8192,0.3,17,4,0.8421902060508728,,0.7295137643814087,1
qwen3_8b,8192,0.3,17,8,0.8247120380401611,,0.7039133310317993,1
qwen3_8b,8192,0.3,17,16,0.8316242098808289,,0.7146686911582947,1
qwen3_8b,8192,0.3,17,32,0.814059317111969,,0.6901740431785583,1
qwen3_8b,8192,0.3,17,64,0.7985649108886719,,0.6700956225395203,1
qwen3_8b,8192,0.3,17,128,0.7821395993232727,,0.6508995294570923,1
qwen3_8b,8192,0.3,17,256,0.7559179663658142,,0.6227322220802307,1
qwen3_8b,8192,0.3,17,512,0.7236365675926208,,0.5932573676109314,1
qwen3_8b,8192,0.3,17,1024,0.6756837964057922,,0.5552547574043274,1
qwen3_8b,8192,0.3,18,1,0.9018572568893432,,0.8232133984565735,1
qwen3_8b,8192,0.3,18,2,0.8878769278526306,,0.8006467819213867,1
qwen3_8b,8192,0.3,18,4,0.8761902451515198,,0.7822269201278687,1
qwen3_8b,8192,0.3,18,8,0.8626752495765686,,0.7614179849624634,1
qwen3_8b,8192,0.3,18,16,0.8489055633544922,,0.7407470345497131,1
qwen3_8b,8192,0.3,18,32,0.8334165215492249,,0.7185176610946655,1
qwen3_8b,8192,0.3,18,64,0.8175340294837952,,0.6972917914390564,1
qwen3_8b,8192,0.3,18,128,0.7934173345565796,,0.6668952107429504,1
qwen3_8b,8192,0.3,18,256,0.7653051018714905,,0.6359710693359375,1
qwen3_8b,8192,0.3,18,512,0.7281902432441711,,0.5997023582458496,1
qwen3_8b,8192,0.3,18,1024,0.6752243041992188,,0.5550268292427063,1
qwen3_8b,8192,0.3,19,1,0.896790087223053,,0.814525306224823,1
qwen3_8b,8192,0.3,19,2,0.8787014484405518,,0.7854790687561035,1
qwen3_8b,8192,0.3,19,4,0.8668023943901062,,0.7668929100036621,1
qwen3_8b,8192,0.3,19,8,0.8567773103713989,,0.7516714930534363,1
qwen3_8b,8192,0.3,19,16,0.8452128171920776,,0.7344740033149719,1
qwen3_8b,8192,0.3,19,32,0.8330217599868774,,0.7173556089401245,1
qwen3_8b,8192,0.3,19,64,0.8199523091316223,,0.7002136707305908,1
qwen3_8b,8192,0.3,19,128,0.8012889623641968,,0.6773732304573059,1
qwen3_8b,8192,0.3,19,256,0.7795630693435669,,0.6545411944389343,1
qwen3_8b,8192,0.3,19,512,0.7461172938346863,,0.6228266358375549,1
qwen3_8b,8192,0.3,19,1024,0.6865783929824829,,0.5691571831703186,1
qwen3_8b,8192,0.3,20,1,0.8758897185325623,,0.7807151079177856,1
qwen3_8b,8192,0.3,20,2,0.8484787344932556,,0.7386471033096313,1
qwen3_8b,8192,0.3,20,4,0.8301445245742798,,0.7116270661354065,1
qwen3_8b,8192,0.3,20,8,0.8162292838096619,,0.6918798685073853,1
qwen3_8b,8192,0.3,20,16,0.8024386167526245,,0.672697901725769,1
qwen3_8b,8192,0.3,20,32,0.7879948019981384,,0.6536741256713867,1
qwen3_8b,8192,0.3,20,64,0.7732947468757629,,0.6354517936706543,1
qwen3_8b,8192,0.3,20,128,0.753322958946228,,0.6123640537261963,1
qwen3_8b,8192,0.3,20,256,0.7272914052009583,,0.5853419899940491,1
qwen3_8b,8192,0.3,20,512,0.6944027543067932,,0.5558789968490601,1
qwen3_8b,8192,0.3,20,1024,0.6456997394561768,,0.5177993774414062,1
qwen3_8b,8192,0.3,21,1,0.9021215438842772,,0.8234863877296448,1
qwen3_8b,8192,0.3,21,2,0.8812610507011414,,0.7899847626686096,1
qwen3_8b,8192,0.3,21,4,0.8631375432014465,,0.7616598606109619,1
qwen3_8b,8192,0.3,21,8,0.8470389246940613,,0.7373253703117371,1
qwen3_8b,8192,0.3,21,16,0.8300856351852417,,0.7125264406204224,1
qwen3_8b,8192,0.3,21,32,0.8140906691551208,,0.6904260516166687,1
qwen3_8b,8192,0.3,21,64,0.7988578081130981,,0.6707354784011841,1
qwen3_8b,8192,0.3,21,128,0.774359941482544,,0.6406987309455872,1
qwen3_8b,8192,0.3,21,256,0.7441375851631165,,0.6076907515525818,1
qwen3_8b,8192,0.3,21,512,0.7057130932807922,,0.5706047415733337,1
qwen3_8b,8192,0.3,21,1024,0.6572874784469604,,0.5323250889778137,1
qwen3_8b,8192,0.3,22,1,0.898988664150238,,0.817910373210907,1
qwen3_8b,8192,0.3,22,2,0.8732065558433533,,0.776742696762085,1
qwen3_8b,8192,0.3,22,4,0.8590450882911682,,0.7549577951431274,1
qwen3_8b,8192,0.3,22,8,0.8507027626037598,,0.7426531910896301,1
qwen3_8b,8192,0.3,22,16,0.839623749256134,,0.7262774109840393,1
qwen3_8b,8192,0.3,22,32,0.8289955258369446,,0.7115634083747864,1
qwen3_8b,8192,0.3,22,64,0.8178893327713013,,0.6973837614059448,1
qwen3_8b,8192,0.3,22,128,0.8002980351448059,,0.6761060357093811,1
qwen3_8b,8192,0.3,22,256,0.7781967520713806,,0.6528027653694153,1
qwen3_8b,8192,0.3,22,512,0.743661105632782,,0.6196523904800415,1
qwen3_8b,8192,0.3,22,1024,0.6857504844665527,,0.5680420398712158,1
qwen3_8b,8192,0.3,23,1,0.9197816252708436,,0.8530470132827759,1
qwen3_8b,8192,0.3,23,2,0.9007625579833984,,0.8213738799095154,1
qwen3_8b,8192,0.3,23,4,0.8835061192512512,,0.7934815287590027,1
qwen3_8b,8192,0.3,23,8,0.8683673143386841,,0.7697149515151978,1
qwen3_8b,8192,0.3,23,16,0.8508639335632324,,0.7431237697601318,1
qwen3_8b,8192,0.3,23,32,0.8329761028289795,,0.7173776626586914,1
qwen3_8b,8192,0.3,23,64,0.8153495788574219,,0.693520724773407,1
qwen3_8b,8192,0.3,23,128,0.7945484519004822,,0.6678573489189148,1
qwen3_8b,8192,0.3,23,256,0.7687869668006897,,0.6399349570274353,1
qwen3_8b,8192,0.3,23,512,0.7280547022819519,,0.5988473892211914,1
qwen3_8b,8192,0.3,23,1024,0.6798075437545776,,0.5603132247924805,1
qwen3_8b,8192,0.3,24,1,0.906539261341095,,0.8306090831756592,1
qwen3_8b,8192,0.3,24,2,0.8840370774269104,,0.7940123677253723,1
qwen3_8b,8192,0.3,24,4,0.8686812520027161,,0.7698490619659424,1
qwen3_8b,8192,0.3,24,8,0.8577436208724976,,0.7532141804695129,1
qwen3_8b,8192,0.3,24,16,0.8433946967124939,,0.7318888306617737,1
qwen3_8b,8192,0.3,24,32,0.8308947086334229,,0.7143111228942871,1
qwen3_8b,8192,0.3,24,64,0.8155362010002136,,0.6938547492027283,1
qwen3_8b,8192,0.3,24,128,0.7924660444259644,,0.6649471521377563,1
qwen3_8b,8192,0.3,24,256,0.7667617797851562,,0.6371771097183228,1
qwen3_8b,8192,0.3,24,512,0.7298126220703125,,0.6011715531349182,1
qwen3_8b,8192,0.3,24,1024,0.6767699122428894,,0.5564447641372681,1
qwen3_8b,8192,0.3,25,1,0.9090560674667358,,0.8343892693519592,1
qwen3_8b,8192,0.3,25,2,0.8873491287231445,,0.7988625168800354,1
qwen3_8b,8192,0.3,25,4,0.8725255727767944,,0.7754061222076416,1
qwen3_8b,8192,0.3,25,8,0.862850546836853,,0.7605935335159302,1
qwen3_8b,8192,0.3,25,16,0.8529426455497742,,0.7457824349403381,1
qwen3_8b,8192,0.3,25,32,0.8412610292434692,,0.729187548160553,1
qwen3_8b,8192,0.3,25,64,0.8272621631622314,,0.7104992866516113,1
qwen3_8b,8192,0.3,25,128,0.8097705841064453,,0.6891166567802429,1
qwen3_8b,8192,0.3,25,256,0.7864049077033997,,0.6638127565383911,1
qwen3_8b,8192,0.3,25,512,0.7464730143547058,,0.6230596899986267,1
qwen3_8b,8192,0.3,25,1024,0.6874616146087646,,0.5700138211250305,1
qwen3_8b,8192,0.3,26,1,0.9022731184959412,,0.8235665559768677,1
qwen3_8b,8192,0.3,26,2,0.8799957036972046,,0.7875615954399109,1
qwen3_8b,8192,0.3,26,4,0.8675225377082825,,0.7679593563079834,1
qwen3_8b,8192,0.3,26,8,0.857667863368988,,0.7529863119125366,1
qwen3_8b,8192,0.3,26,16,0.8455629348754883,,0.7349162697792053,1
qwen3_8b,8192,0.3,26,32,0.836254894733429,,0.7220609784126282,1
qwen3_8b,8192,0.3,26,64,0.8246591091156006,,0.7069603800773621,1
qwen3_8b,8192,0.3,26,128,0.8069902658462524,,0.6854367852210999,1
qwen3_8b,8192,0.3,26,256,0.7865729928016663,,0.6642374396324158,1
qwen3_8b,8192,0.3,26,512,0.7509884238243103,,0.6293860077857971,1
qwen3_8b,8192,0.3,26,1024,0.6989986896514893,,0.5853620767593384,1
qwen3_8b,8192,0.3,27,1,0.8747622966766357,,0.778840184211731,1
qwen3_8b,8192,0.3,27,2,0.8473170399665833,,0.7367568612098694,1
qwen3_8b,8192,0.3,27,4,0.8342702388763428,,0.7176135182380676,1
qwen3_8b,8192,0.3,27,8,0.8268716335296631,,0.7071176767349243,1
qwen3_8b,8192,0.3,27,16,0.8197763562202454,,0.6971151828765869,1
qwen3_8b,8192,0.3,27,32,0.810020923614502,,0.6840659379959106,1
qwen3_8b,8192,0.3,27,64,0.799496591091156,,0.6711058616638184,1
qwen3_8b,8192,0.3,27,128,0.7839525938034058,,0.6531913876533508,1
qwen3_8b,8192,0.3,27,256,0.7627811431884766,,0.6314983367919922,1
qwen3_8b,8192,0.3,27,512,0.7306790351867676,,0.6021917462348938,1
qwen3_8b,8192,0.3,27,1024,0.6747211813926697,,0.5538562536239624,1
qwen3_8b,8192,0.3,28,1,0.9026543498039246,,0.8241573572158813,1
qwen3_8b,8192,0.3,28,2,0.8780999183654785,,0.7845818400382996,1
qwen3_8b,8192,0.3,28,4,0.8591165542602539,,0.7551301717758179,1
qwen3_8b,8192,0.3,28,8,0.8444592356681824,,0.7330957651138306,1
qwen3_8b,8192,0.3,28,16,0.8282734751701355,,0.7095864415168762,1
qwen3_8b,8192,0.3,28,32,0.8135018944740295,,0.6891695857048035,1
qwen3_8b,8192,0.3,28,64,0.8006592988967896,,0.6727863550186157,1
qwen3_8b,8192,0.3,28,128,0.774203360080719,,0.639927089214325,1
qwen3_8b,8192,0.3,28,256,0.7428750395774841,,0.6052641272544861,1
qwen3_8b,8192,0.3,28,512,0.7047397494316101,,0.5686923861503601,1
qwen3_8b,8192,0.3,28,1024,0.6524011492729187,,0.525924801826477,1
qwen3_8b,8192,0.3,29,1,0.8833683133125305,,0.7929105162620544,1
qwen3_8b,8192,0.3,29,2,0.8573973178863525,,0.7523735165596008,1
qwen3_8b,8192,0.3,29,4,0.8459548950195312,,0.7351664900779724,1
qwen3_8b,8192,0.3,29,8,0.8372964262962341,,0.722552478313446,1
qwen3_8b,8192,0.3,29,16,0.8271799087524414,,0.708127498626709,1
qwen3_8b,8192,0.3,29,32,0.8179558515548706,,0.695716381072998,1
qwen3_8b,8192,0.3,29,64,0.8065826296806335,,0.6813157796859741,1
qwen3_8b,8192,0.3,29,128,0.7900558710098267,,0.6619070172309875,1
qwen3_8b,8192,0.3,29,256,0.7672375440597534,,0.6377732157707214,1
qwen3_8b,8192,0.3,29,512,0.7356150150299072,,0.6088953614234924,1
qwen3_8b,8192,0.3,29,1024,0.6846407651901245,,0.566764771938324,1
qwen3_8b,8192,0.3,30,1,0.8999996185302734,,0.8193250894546509,1
qwen3_8b,8192,0.3,30,2,0.8785706758499146,,0.7847214937210083,1
qwen3_8b,8192,0.3,30,4,0.8674495816230774,,0.767381489276886,1
qwen3_8b,8192,0.3,30,8,0.8594947457313538,,0.7553644776344299,1
qwen3_8b,8192,0.3,30,16,0.8473559021949768,,0.737287700176239,1
qwen3_8b,8192,0.3,30,32,0.8372201919555664,,0.7231408953666687,1
qwen3_8b,8192,0.3,30,64,0.8227200508117676,,0.703781247138977,1
qwen3_8b,8192,0.3,30,128,0.802828848361969,,0.6791349053382874,1
qwen3_8b,8192,0.3,30,256,0.7834644317626953,,0.6594874262809753,1
qwen3_8b,8192,0.3,30,512,0.7488101124763489,,0.6261293292045593,1
qwen3_8b,8192,0.3,30,1024,0.675636351108551,,0.5546761751174927,1
qwen3_8b,8192,0.3,31,1,0.8926686644554138,,0.8074346780776978,1
qwen3_8b,8192,0.3,31,2,0.8680787682533264,,0.7683307528495789,1
qwen3_8b,8192,0.3,31,4,0.8549633026123047,,0.7482720017433167,1
qwen3_8b,8192,0.3,31,8,0.8430728316307068,,0.7305858731269836,1
qwen3_8b,8192,0.3,31,16,0.8269956111907959,,0.7071793675422668,1
qwen3_8b,8192,0.3,31,32,0.8133847713470459,,0.6885059475898743,1
qwen3_8b,8192,0.3,31,64,0.7998316884040833,,0.6711862683296204,1
qwen3_8b,8192,0.3,31,128,0.7781974673271179,,0.6449912786483765,1
qwen3_8b,8192,0.3,31,256,0.759210467338562,,0.6264066100120544,1
qwen3_8b,8192,0.3,31,512,0.7275140285491943,,0.5977670550346375,1
qwen3_8b,8192,0.3,31,1024,0.6710658073425293,,0.5490410327911377,1
qwen3_8b,8192,0.3,32,1,0.8993539810180664,,0.8179860711097717,1
qwen3_8b,8192,0.3,32,2,0.8781940937042236,,0.7838807702064514,1
qwen3_8b,8192,0.3,32,4,0.8661766052246094,,0.7651565670967102,1
qwen3_8b,8192,0.3,32,8,0.856683611869812,,0.7507588863372803,1
qwen3_8b,8192,0.3,32,16,0.8445342779159546,,0.732742428779602,1
qwen3_8b,8192,0.3,32,32,0.8377406001091003,,0.7236503958702087,1
qwen3_8b,8192,0.3,32,64,0.8195687532424927,,0.698968768119812,1
qwen3_8b,8192,0.3,32,128,0.8039494156837463,,0.6805537343025208,1
qwen3_8b,8192,0.3,32,256,0.787968099117279,,0.6656761169433594,1
qwen3_8b,8192,0.3,32,512,0.743159830570221,,0.6183029413223267,1
qwen3_8b,8192,0.3,32,1024,0.6793568134307861,,0.5593255162239075,1
qwen3_8b,8192,0.3,33,1,0.8712024092674255,,0.7733938694000244,1
qwen3_8b,8192,0.3,33,2,0.8442533016204834,,0.7323132157325745,1
qwen3_8b,8192,0.3,33,4,0.8322586417198181,,0.714801013469696,1
qwen3_8b,8192,0.3,33,8,0.822903037071228,,0.7015615701675415,1
qwen3_8b,8192,0.3,33,16,0.8134562373161316,,0.6882666349411011,1
qwen3_8b,8192,0.3,33,32,0.8037723898887634,,0.6755782961845398,1
qwen3_8b,8192,0.3,33,64,0.7918349504470825,,0.6606468558311462,1
qwen3_8b,8192,0.3,33,128,0.7737413644790649,,0.6394583582878113,1
qwen3_8b,8192,0.3,33,256,0.7484980225563049,,0.6126888394355774,1
qwen3_8b,8192,0.3,33,512,0.7158820033073425,,0.5830712914466858,1
qwen3_8b,8192,0.3,33,1024,0.6681305170059204,,0.5455490350723267,1
qwen3_8b,8192,0.3,34,1,0.8797267079353333,,0.7865658402442932,1
qwen3_8b,8192,0.3,34,2,0.8549914360046387,,0.7482055425643921,1
qwen3_8b,8192,0.3,34,4,0.8435347080230713,,0.7311208844184875,1
qwen3_8b,8192,0.3,34,8,0.8363600969314575,,0.7207643985748291,1
qwen3_8b,8192,0.3,34,16,0.8318655490875244,,0.7145596146583557,1
qwen3_8b,8192,0.3,34,32,0.8219815492630005,,0.7011589407920837,1
qwen3_8b,8192,0.3,34,64,0.811637282371521,,0.6881152987480164,1
qwen3_8b,8192,0.3,34,128,0.7956777811050415,,0.6693581342697144,1
qwen3_8b,8192,0.3,34,256,0.7756637930870056,,0.649024486541748,1
qwen3_8b,8192,0.3,34,512,0.7384256720542908,,0.6123977303504944,1
qwen3_8b,8192,0.3,34,1024,0.6792138814926147,,0.5594896078109741,1
qwen3_8b,8192,0.3,35,1,0.9073850512504578,,0.8313398361206055,1
qwen3_8b,8192,0.3,35,2,0.8853482604026794,,0.7953016757965088,1
qwen3_8b,8192,0.3,35,4,0.8734502196311951,,0.7764514088630676,1
qwen3_8b,8192,0.3,35,8,0.8684538006782532,,0.7688761353492737,1
qwen3_8b,8192,0.3,35,16,0.8565232753753662,,0.7508970499038696,1
qwen3_8b,8192,0.3,35,32,0.844669759273529,,0.733940601348877,1
qwen3_8b,8192,0.3,35,64,0.828209638595581,,0.711508572101593,1
qwen3_8b,8192,0.3,35,128,0.8024635314941406,,0.6783701181411743,1
qwen3_8b,8192,0.3,35,256,0.7925745844841003,,0.6720728278160095,1
qwen3_8b,8192,0.3,35,512,0.7551173567771912,,0.634501039981842,1
qwen3_8b,8192,0.3,35,1024,0.6962108612060547,,0.581274151802063,1
qwen3_8b,8192,0.5,0,1,0.8126879930496216,,0.6870719790458679,1
qwen3_8b,8192,0.5,0,2,0.8076494932174683,,0.6800593137741089,1
qwen3_8b,8192,0.5,0,4,0.8005180954933167,,0.669762372970581,1
qwen3_8b,8192,0.5,0,8,0.7952111959457397,,0.6625301837921143,1
qwen3_8b,8192,0.5,0,16,0.7847977876663208,,0.6484560966491699,1
qwen3_8b,8192,0.5,0,32,0.7643368244171143,,0.6217874884605408,1
qwen3_8b,8192,0.5,0,64,0.7302842736244202,,0.5794925689697266,1
qwen3_8b,8192,0.5,0,128,0.696099042892456,,0.5405914783477783,1
qwen3_8b,8192,0.5,0,256,0.6734070777893066,,0.5193549394607544,1
qwen3_8b,8192,0.5,0,512,0.6572042107582092,,0.5107753872871399,1
qwen3_8b,8192,0.5,0,1024,0.5673470497131348,,0.428000807762146,1
qwen3_8b,8192,0.5,1,1,0.8403769731521606,,0.7266404032707214,1
qwen3_8b,8192,0.5,1,2,0.8196742534637451,,0.696395993232727,1
qwen3_8b,8192,0.5,1,4,0.8088431358337402,,0.6810266375541687,1
qwen3_8b,8192,0.5,1,8,0.8016440272331238,,0.6709722876548767,1
qwen3_8b,8192,0.5,1,16,0.7905938029289246,,0.6559015512466431,1
qwen3_8b,8192,0.5,1,32,0.7779496312141418,,0.6396009922027588,1
qwen3_8b,8192,0.5,1,64,0.7696505188941956,,0.6302568912506104,1
qwen3_8b,8192,0.5,1,128,0.7465322017669678,,0.6031618118286133,1
qwen3_8b,8192,0.5,1,256,0.722510039806366,,0.5788002610206604,1
qwen3_8b,8192,0.5,1,512,0.672393798828125,,0.5287485718727112,1
qwen3_8b,8192,0.5,1,1024,0.5878440737724304,,0.4504275321960449,1
qwen3_8b,8192,0.5,2,1,0.8397343754768372,,0.7251834273338318,1
qwen3_8b,8192,0.5,2,2,0.8142136931419373,,0.6880869269371033,1
qwen3_8b,8192,0.5,2,4,0.8057118654251099,,0.6761859655380249,1
qwen3_8b,8192,0.5,2,8,0.7964361310005188,,0.6633917689323425,1
qwen3_8b,8192,0.5,2,16,0.7859940528869629,,0.6493450999259949,1
qwen3_8b,8192,0.5,2,32,0.7704136967658997,,0.6292036771774292,1
qwen3_8b,8192,0.5,2,64,0.7564972639083862,,0.6125468611717224,1
qwen3_8b,8192,0.5,2,128,0.7379691004753113,,0.5919016599655151,1
qwen3_8b,8192,0.5,2,256,0.7040541768074036,,0.5555998682975769,1
qwen3_8b,8192,0.5,2,512,0.6466615200042725,,0.4982231557369232,1
qwen3_8b,8192,0.5,2,1024,0.5772795081138611,,0.4385756254196167,1
qwen3_8b,8192,0.5,3,1,0.8249613046646118,,0.7050877809524536,1
qwen3_8b,8192,0.5,3,2,0.8009501695632935,,0.6705927848815918,1
qwen3_8b,8192,0.5,3,4,0.7929033637046814,,0.6594885587692261,1
qwen3_8b,8192,0.5,3,8,0.7873706817626953,,0.652144730091095,1
qwen3_8b,8192,0.5,3,16,0.779926061630249,,0.6423507928848267,1
qwen3_8b,8192,0.5,3,32,0.771537184715271,,0.6320135593414307,1
qwen3_8b,8192,0.5,3,64,0.7621800899505615,,0.621221125125885,1
qwen3_8b,8192,0.5,3,128,0.7435209155082703,,0.6000909209251404,1
qwen3_8b,8192,0.5,3,256,0.7202997207641602,,0.576794445514679,1
qwen3_8b,8192,0.5,3,512,0.6752486824989319,,0.5328031182289124,1
qwen3_8b,8192,0.5,3,1024,0.6041164994239807,,0.4691565930843353,1
qwen3_8b,8192,0.5,4,1,0.8231127858161926,,0.7024827599525452,1
qwen3_8b,8192,0.5,4,2,0.8033634424209595,,0.6741370558738708,1
qwen3_8b,8192,0.5,4,4,0.798962414264679,,0.668077826499939,1
qwen3_8b,8192,0.5,4,8,0.7948135733604431,,0.6625189185142517,1
qwen3_8b,8192,0.5,4,16,0.7883828282356262,,0.6539043188095093,1
qwen3_8b,8192,0.5,4,32,0.7787447571754456,,0.6417456269264221,1
qwen3_8b,8192,0.5,4,64,0.7684398889541626,,0.6296347379684448,1
qwen3_8b,8192,0.5,4,128,0.7505094408988953,,0.6091845631599426,1
qwen3_8b,8192,0.5,4,256,0.7246626615524292,,0.5823319554328918,1
qwen3_8b,8192,0.5,4,512,0.6780857443809509,,0.536162793636322,1
qwen3_8b,8192,0.5,4,1024,0.6044957637786865,,0.4695559740066528,1
qwen3_8b,8192,0.5,5,1,0.834882915019989,,0.7186039686203003,1
qwen3_8b,8192,0.5,5,2,0.8097867965698242,,0.6819021701812744,1
qwen3_8b,8192,0.5,5,4,0.7948626279830933,,0.6610764861106873,1
qwen3_8b,8192,0.5,5,8,0.7846198081970215,,0.6471737027168274,1
qwen3_8b,8192,0.5,5,16,0.7734522223472595,,0.6324834823608398,1
qwen3_8b,8192,0.5,5,32,0.7587975263595581,,0.6140338182449341,1
qwen3_8b,8192,0.5,5,64,0.7404011487960815,,0.5919898152351379,1
qwen3_8b,8192,0.5,5,128,0.7195248007774353,,0.5688384771347046,1
qwen3_8b,8192,0.5,5,256,0.6934024095535278,,0.5428610444068909,1
qwen3_8b,8192,0.5,5,512,0.6528699398040771,,0.5056639313697815,1
qwen3_8b,8192,0.5,5,1024,0.5807445049285889,,0.4425758421421051,1
qwen3_8b,8192,0.5,6,1,0.8315070867538452,,0.7136967778205872,1
qwen3_8b,8192,0.5,6,2,0.798296332359314,,0.6662420630455017,1
qwen3_8b,8192,0.5,6,4,0.773724377155304,,0.6327629089355469,1
qwen3_8b,8192,0.5,6,8,0.751526951789856,,0.603712260723114,1
qwen3_8b,8192,0.5,6,16,0.751643717288971,,0.6042733788490295,1
qwen3_8b,8192,0.5,6,32,0.728501558303833,,0.5756977796554565,1
qwen3_8b,8192,0.5,6,64,0.7109905481338501,,0.5555519461631775,1
qwen3_8b,8192,0.5,6,128,0.6879158020019531,,0.5307327508926392,1
qwen3_8b,8192,0.5,6,256,0.6716030836105347,,0.5170689225196838,1
qwen3_8b,8192,0.5,6,512,0.6190839409828186,,0.4672282934188843,1
qwen3_8b,8192,0.5,6,1024,0.5422945618629456,,0.4015052914619446,1
qwen3_8b,8192,0.5,7,1,0.829055905342102,,0.7097772359848022,1
qwen3_8b,8192,0.5,7,2,0.798248827457428,,0.6657490730285645,1
qwen3_8b,8192,0.5,7,4,0.7775750160217285,,0.6375319361686707,1
qwen3_8b,8192,0.5,7,8,0.7584899663925171,,0.6123932600021362,1
qwen3_8b,8192,0.5,7,16,0.7377563118934631,,0.5861288905143738,1
qwen3_8b,8192,0.5,7,32,0.7187190651893616,,0.5632220506668091,1
qwen3_8b,8192,0.5,7,64,0.7022132277488708,,0.5446540713310242,1
qwen3_8b,8192,0.5,7,128,0.6757034659385681,,0.5161919593811035,1
qwen3_8b,8192,0.5,7,256,0.6593853831291199,,0.5026208162307739,1
qwen3_8b,8192,0.5,7,512,0.6189278960227966,,0.4668408334255218,1
qwen3_8b,8192,0.5,7,1024,0.549442708492279,,0.4088310897350311,1
qwen3_8b,8192,0.5,8,1,0.8252058029174805,,0.70632004737854,1
qwen3_8b,8192,0.5,8,2,0.7866045236587524,,0.6524298787117004,1
qwen3_8b,8192,0.5,8,4,0.7648990750312805,,0.6235629916191101,1
qwen3_8b,8192,0.5,8,8,0.753013551235199,,0.6082459092140198,1
qwen3_8b,8192,0.5,8,16,0.7417386174201965,,0.5935165286064148,1
qwen3_8b,8192,0.5,8,32,0.7297167778015137,,0.5793219804763794,1
qwen3_8b,8192,0.5,8,64,0.7178760766983032,,0.5659041404724121,1
qwen3_8b,8192,0.5,8,128,0.7011207938194275,,0.5480147004127502,1
qwen3_8b,8192,0.5,8,256,0.6760390400886536,,0.52367103099823,1
qwen3_8b,8192,0.5,8,512,0.6358373165130615,,0.4874131381511688,1
qwen3_8b,8192,0.5,8,1024,0.5584724545478821,,0.4194541871547699,1
qwen3_8b,8192,0.5,9,1,0.8058112859725952,,0.6785926222801208,1
qwen3_8b,8192,0.5,9,2,0.7733427286148071,,0.6342473030090332,1
qwen3_8b,8192,0.5,9,4,0.7580129504203796,,0.6139429211616516,1
qwen3_8b,8192,0.5,9,8,0.745511531829834,,0.5978333950042725,1
qwen3_8b,8192,0.5,9,16,0.7333947420120239,,0.5825603008270264,1
qwen3_8b,8192,0.5,9,32,0.7194905281066895,,0.5660330057144165,1
qwen3_8b,8192,0.5,9,64,0.7014836072921753,,0.5455575585365295,1
qwen3_8b,8192,0.5,9,128,0.6850406527519226,,0.5287503004074097,1
qwen3_8b,8192,0.5,9,256,0.6578679084777832,,0.5025242567062378,1
qwen3_8b,8192,0.5,9,512,0.6200658082962036,,0.4694833755493164,1
qwen3_8b,8192,0.5,9,1024,0.5597830414772034,,0.4210176467895508,1
qwen3_8b,8192,0.5,10,1,0.8585336208343506,,0.755500853061676,1
qwen3_8b,8192,0.5,10,2,0.8357083797454834,,0.7212468981742859,1
qwen3_8b,8192,0.5,10,4,0.8256482481956482,,0.7062867879867554,1
qwen3_8b,8192,0.5,10,8,0.8183339834213257,,0.695782482624054,1
qwen3_8b,8192,0.5,10,16,0.8108243346214294,,0.6854159832000732,1
qwen3_8b,8192,0.5,10,32,0.7998561263084412,,0.6708691716194153,1
qwen3_8b,8192,0.5,10,64,0.7868537902832031,,0.6545544266700745,1
qwen3_8b,8192,0.5,10,128,0.7676867246627808,,0.6319404244422913,1
qwen3_8b,8192,0.5,10,256,0.7394949793815613,,0.6013212203979492,1
qwen3_8b,8192,0.5,10,512,0.6876185536384583,,0.5478053689002991,1
qwen3_8b,8192,0.5,10,1024,0.587291955947876,,0.4502609968185425,1
qwen3_8b,8192,0.5,11,1,0.8654651641845703,,0.7651024460792542,1
qwen3_8b,8192,0.5,11,2,0.844082236289978,,0.7323827147483826,1
qwen3_8b,8192,0.5,11,4,0.831222414970398,,0.7133238911628723,1
qwen3_8b,8192,0.5,11,8,0.8196967840194702,,0.6966662406921387,1
qwen3_8b,8192,0.5,11,16,0.8047395348548889,,0.6756394505500793,1
qwen3_8b,8192,0.5,11,32,0.7865710854530334,,0.6513429284095764,1
qwen3_8b,8192,0.5,11,64,0.7767746448516846,,0.6398595571517944,1
qwen3_8b,8192,0.5,11,128,0.7438079714775085,,0.5996280908584595,1
qwen3_8b,8192,0.5,11,256,0.7274270057678223,,0.5851258039474487,1
qwen3_8b,8192,0.5,11,512,0.6730008721351624,,0.5294920802116394,1
qwen3_8b,8192,0.5,11,1024,0.5842661261558533,,0.446515679359436,1
qwen3_8b,8192,0.5,12,1,0.7993395328521729,,0.6694443225860596,1
qwen3_8b,8192,0.5,12,2,0.7576072812080383,,0.6137499809265137,1
qwen3_8b,8192,0.5,12,4,0.7367965579032898,,0.5877547264099121,1
qwen3_8b,8192,0.5,12,8,0.7239938974380493,,0.572176456451416,1
qwen3_8b,8192,0.5,12,16,0.7133795022964478,,0.5588060617446899,1
qwen3_8b,8192,0.5,12,32,0.6993440985679626,,0.543000340461731,1
qwen3_8b,8192,0.5,12,64,0.6855414509773254,,0.5277115106582642,1
qwen3_8b,8192,0.5,12,128,0.667678952217102,,0.5094583630561829,1
qwen3_8b,8192,0.5,12,256,0.6374329328536987,,0.4802228510379791,1
qwen3_8b,8192,0.5,12,512,0.5968685746192932,,0.445034384727478,1
qwen3_8b,8192,0.5,12,1024,0.538915753364563,,0.3995165824890136,1
qwen3_8b,8192,0.5,13,1,0.8237200975418091,,0.7031012773513794,1
qwen3_8b,8192,0.5,13,2,0.7851815223693848,,0.6496023535728455,1
qwen3_8b,8192,0.5,13,4,0.7579277753829956,,0.6137143969535828,1
qwen3_8b,8192,0.5,13,8,0.7364380955696106,,0.586300253868103,1
qwen3_8b,8192,0.5,13,16,0.7185707688331604,,0.5640742778778076,1
qwen3_8b,8192,0.5,13,32,0.7005675435066223,,0.5430911779403687,1
qwen3_8b,8192,0.5,13,64,0.6865226030349731,,0.5277315378189087,1
qwen3_8b,8192,0.5,13,128,0.658187985420227,,0.4975192844867706,1
qwen3_8b,8192,0.5,13,256,0.6294154524803162,,0.4705251157283783,1
qwen3_8b,8192,0.5,13,512,0.583108127117157,,0.4297482073307037,1
qwen3_8b,8192,0.5,13,1024,0.5311335325241089,,0.3909119963645935,1
qwen3_8b,8192,0.5,14,1,0.834501326084137,,0.7192462682723999,1
qwen3_8b,8192,0.5,14,2,0.8028329610824585,,0.6741898059844971,1
qwen3_8b,8192,0.5,14,4,0.7776656746864319,,0.6400368213653564,1
qwen3_8b,8192,0.5,14,8,0.7571590542793274,,0.6131020188331604,1
qwen3_8b,8192,0.5,14,16,0.7386485934257507,,0.5894240736961365,1
qwen3_8b,8192,0.5,14,32,0.7196575999259949,,0.5663994550704956,1
qwen3_8b,8192,0.5,14,64,0.7056990265846252,,0.5506818890571594,1
qwen3_8b,8192,0.5,14,128,0.6834086775779724,,0.5266420841217041,1
qwen3_8b,8192,0.5,14,256,0.6488229036331177,,0.4922831058502197,1
qwen3_8b,8192,0.5,14,512,0.6010134220123291,,0.4487943649291992,1
qwen3_8b,8192,0.5,14,1024,0.5347199440002441,,0.3945611715316772,1
qwen3_8b,8192,0.5,15,1,0.8124618530273438,,0.6878348588943481,1
qwen3_8b,8192,0.5,15,2,0.7799915671348572,,0.643264651298523,1
qwen3_8b,8192,0.5,15,4,0.7565082907676697,,0.6125138998031616,1
qwen3_8b,8192,0.5,15,8,0.733149528503418,,0.5826327204704285,1
qwen3_8b,8192,0.5,15,16,0.7105639576911926,,0.5548919439315796,1
qwen3_8b,8192,0.5,15,32,0.6888395547866821,,0.5295546054840088,1
qwen3_8b,8192,0.5,15,64,0.6635733842849731,,0.5015773177146912,1
qwen3_8b,8192,0.5,15,128,0.6391998529434204,,0.4768460094928741,1
qwen3_8b,8192,0.5,15,256,0.6071215867996216,,0.4469697475433349,1
qwen3_8b,8192,0.5,15,512,0.5700240135192871,,0.4163180887699127,1
qwen3_8b,8192,0.5,15,1024,0.516448974609375,,0.3762336075305938,1
qwen3_8b,8192,0.5,16,1,0.8406819701194763,,0.7285798788070679,1
qwen3_8b,8192,0.5,16,2,0.8163576722145081,,0.693600594997406,1
qwen3_8b,8192,0.5,16,4,0.7998823523521423,,0.670689582824707,1
qwen3_8b,8192,0.5,16,8,0.7823861837387085,,0.6468682885169983,1
qwen3_8b,8192,0.5,16,16,0.7646240592002869,,0.6232254505157471,1
qwen3_8b,8192,0.5,16,32,0.7448529601097107,,0.5982654690742493,1
qwen3_8b,8192,0.5,16,64,0.7254465222358704,,0.5752438902854919,1
qwen3_8b,8192,0.5,16,128,0.6976150870323181,,0.543948233127594,1
qwen3_8b,8192,0.5,16,256,0.6613509058952332,,0.5069323182106018,1
qwen3_8b,8192,0.5,16,512,0.6190237402915955,,0.4685529172420501,1
qwen3_8b,8192,0.5,16,1024,0.5578285455703735,,0.4187363982200622,1
qwen3_8b,8192,0.5,17,1,0.8220118284225464,,0.701336681842804,1
qwen3_8b,8192,0.5,17,2,0.7826636433601379,,0.646818220615387,1
qwen3_8b,8192,0.5,17,4,0.7457276582717896,,0.5985334515571594,1
qwen3_8b,8192,0.5,17,8,0.7186821699142456,,0.5647294521331787,1
qwen3_8b,8192,0.5,17,16,0.7271003127098083,,0.5757677555084229,1
qwen3_8b,8192,0.5,17,32,0.6994844675064087,,0.5427632331848145,1
qwen3_8b,8192,0.5,17,64,0.676871120929718,,0.5173543095588684,1
qwen3_8b,8192,0.5,17,128,0.6531020998954773,,0.4925421774387359,1
qwen3_8b,8192,0.5,17,256,0.6174842119216919,,0.4585674405097961,1
qwen3_8b,8192,0.5,17,512,0.5812039971351624,,0.4282965958118438,1
qwen3_8b,8192,0.5,17,1024,0.5342823266983032,,0.3945769071578979,1
qwen3_8b,8192,0.5,18,1,0.8433721661567688,,0.7333261370658875,1
qwen3_8b,8192,0.5,18,2,0.8204737901687622,,0.7003269195556641,1
qwen3_8b,8192,0.5,18,4,0.8010897636413574,,0.6732826828956604,1
qwen3_8b,8192,0.5,18,8,0.7794045805931091,,0.6439142823219299,1
qwen3_8b,8192,0.5,18,16,0.7569354176521301,,0.6143427491188049,1
qwen3_8b,8192,0.5,18,32,0.7321547269821167,,0.5831422209739685,1
qwen3_8b,8192,0.5,18,64,0.7091373205184937,,0.5560654401779175,1
qwen3_8b,8192,0.5,18,128,0.6742280125617981,,0.5172978043556213,1
qwen3_8b,8192,0.5,18,256,0.6347075700759888,,0.4785074591636657,1
qwen3_8b,8192,0.5,18,512,0.5907898545265198,,0.4392200410366058,1
qwen3_8b,8192,0.5,18,1024,0.5365906953811646,,0.3976258039474487,1
qwen3_8b,8192,0.5,19,1,0.8331310749053955,,0.7173616290092468,1
qwen3_8b,8192,0.5,19,2,0.8034613728523254,,0.6752000451087952,1
qwen3_8b,8192,0.5,19,4,0.7841449975967407,,0.6487314701080322,1
qwen3_8b,8192,0.5,19,8,0.7675776481628418,,0.6267338395118713,1
qwen3_8b,8192,0.5,19,16,0.7489369511604309,,0.6024855375289917,1
qwen3_8b,8192,0.5,19,32,0.729482889175415,,0.5785657167434692,1
qwen3_8b,8192,0.5,19,64,0.7103222608566284,,0.5562889575958252,1
qwen3_8b,8192,0.5,19,128,0.6830486059188843,,0.5264455080032349,1
qwen3_8b,8192,0.5,19,256,0.6541193723678589,,0.4983530640602112,1
qwen3_8b,8192,0.5,19,512,0.6139336824417114,,0.4628110826015472,1
qwen3_8b,8192,0.5,19,1024,0.5478821396827698,,0.4083650410175323,1
qwen3_8b,8192,0.5,20,1,0.8003625869750977,,0.6703504323959351,1
qwen3_8b,8192,0.5,20,2,0.755984902381897,,0.6113227605819702,1
qwen3_8b,8192,0.5,20,4,0.7259057760238647,,0.5735635161399841,1
qwen3_8b,8192,0.5,20,8,0.7027513980865479,,0.5458863973617554,1
qwen3_8b,8192,0.5,20,16,0.6797020435333252,,0.5187976360321045,1
qwen3_8b,8192,0.5,20,32,0.6557651162147522,,0.4923337399959564,1
qwen3_8b,8192,0.5,20,64,0.633533239364624,,0.4689073860645294,1
qwen3_8b,8192,0.5,20,128,0.6028746366500854,,0.4384728372097015,1
qwen3_8b,8192,0.5,20,256,0.5671638250350952,,0.4062168598175049,1
qwen3_8b,8192,0.5,20,512,0.5295712351799011,,0.3759859502315521,1
qwen3_8b,8192,0.5,20,1024,0.4819953441619873,,0.3427444100379944,1
qwen3_8b,8192,0.5,21,1,0.8444048762321472,,0.7345166206359863,1
qwen3_8b,8192,0.5,21,2,0.8108420968055725,,0.6864452958106995,1
qwen3_8b,8192,0.5,21,4,0.7812154293060303,,0.6457395553588867,1
qwen3_8b,8192,0.5,21,8,0.7549334168434143,,0.6111700534820557,1
qwen3_8b,8192,0.5,21,16,0.7271878719329834,,0.5761342644691467,1
qwen3_8b,8192,0.5,21,32,0.7017452120780945,,0.5458788275718689,1
qwen3_8b,8192,0.5,21,64,0.6792290210723877,,0.5205022692680359,1
qwen3_8b,8192,0.5,21,128,0.642714262008667,,0.481761485338211,1
qwen3_8b,8192,0.5,21,256,0.6001288294792175,,0.4411128461360931,1
qwen3_8b,8192,0.5,21,512,0.5519735813140869,,0.399082750082016,1
qwen3_8b,8192,0.5,21,1024,0.5066466927528381,,0.3671499490737915,1
qwen3_8b,8192,0.5,22,1,0.8337374925613403,,0.7180601954460144,1
qwen3_8b,8192,0.5,22,2,0.7906237840652466,,0.6576903462409973,1
qwen3_8b,8192,0.5,22,4,0.767762303352356,,0.6272649168968201,1
qwen3_8b,8192,0.5,22,8,0.7543642520904541,,0.6102697253227234,1
qwen3_8b,8192,0.5,22,16,0.7361551523208618,,0.586833655834198,1
qwen3_8b,8192,0.5,22,32,0.7200221419334412,,0.5673669576644897,1
qwen3_8b,8192,0.5,22,64,0.7035982608795166,,0.5486935973167419,1
qwen3_8b,8192,0.5,22,128,0.6783726215362549,,0.5213997960090637,1
qwen3_8b,8192,0.5,22,256,0.6496409177780151,,0.4936821460723877,1
qwen3_8b,8192,0.5,22,512,0.608727216720581,,0.4575421810150146,1
qwen3_8b,8192,0.5,22,1024,0.5445338487625122,,0.4049556255340576,1
qwen3_8b,8192,0.5,23,1,0.8728265762329102,,0.7777964472770691,1
qwen3_8b,8192,0.5,23,2,0.8421579599380493,,0.7314891219139099,1
qwen3_8b,8192,0.5,23,4,0.8142656087875366,,0.6911120414733887,1
qwen3_8b,8192,0.5,23,8,0.7898203134536743,,0.6570641398429871,1
qwen3_8b,8192,0.5,23,16,0.7616478204727173,,0.6193712949752808,1
qwen3_8b,8192,0.5,23,32,0.7340367436408997,,0.5845622420310974,1
qwen3_8b,8192,0.5,23,64,0.7075315117835999,,0.5530104041099548,1
qwen3_8b,8192,0.5,23,128,0.6762354373931885,,0.5186378955841064,1
qwen3_8b,8192,0.5,23,256,0.6407440304756165,,0.4839836657047272,1
qwen3_8b,8192,0.5,23,512,0.5912507176399231,,0.4386540353298187,1
qwen3_8b,8192,0.5,23,1024,0.5378387570381165,,0.3978893160820007,1
qwen3_8b,8192,0.5,24,1,0.8512535691261292,,0.7445178627967834,1
qwen3_8b,8192,0.5,24,2,0.8153154850006104,,0.6921475529670715,1
qwen3_8b,8192,0.5,24,4,0.7906751036643982,,0.6578754782676697,1
qwen3_8b,8192,0.5,24,8,0.7724146246910095,,0.6334624886512756,1
qwen3_8b,8192,0.5,24,16,0.749683141708374,,0.6038950681686401,1
qwen3_8b,8192,0.5,24,32,0.730217456817627,,0.579828143119812,1
qwen3_8b,8192,0.5,24,64,0.7073780298233032,,0.5529516339302063,1
qwen3_8b,8192,0.5,24,128,0.6749159097671509,,0.5171643495559692,1
qwen3_8b,8192,0.5,24,256,0.6392026543617249,,0.4822859764099121,1
qwen3_8b,8192,0.5,24,512,0.5958288311958313,,0.4436248540878296,1
qwen3_8b,8192,0.5,24,1024,0.5376218557357788,,0.3977121710777282,1
qwen3_8b,8192,0.5,25,1,0.8595096468925476,,0.756034791469574,1
qwen3_8b,8192,0.5,25,2,0.8248849511146545,,0.7047200202941895,1
qwen3_8b,8192,0.5,25,4,0.8006095886230469,,0.6703823208808899,1
qwen3_8b,8192,0.5,25,8,0.784721314907074,,0.6487690806388855,1
qwen3_8b,8192,0.5,25,16,0.7689493894577026,,0.6277353763580322,1
qwen3_8b,8192,0.5,25,32,0.7508110404014587,,0.6047083735466003,1
qwen3_8b,8192,0.5,25,64,0.730254590511322,,0.5800517797470093,1
qwen3_8b,8192,0.5,25,128,0.7060588598251343,,0.5531046390533447,1
qwen3_8b,8192,0.5,25,256,0.6752249598503113,,0.5220698714256287,1
qwen3_8b,8192,0.5,25,512,0.6247637271881104,,0.4742203652858734,1
qwen3_8b,8192,0.5,25,1024,0.554675817489624,,0.4149388074874878,1
qwen3_8b,8192,0.5,26,1,0.8395429849624634,,0.727289080619812,1
qwen3_8b,8192,0.5,26,2,0.8024572730064392,,0.6742112040519714,1
qwen3_8b,8192,0.5,26,4,0.7812857031822205,,0.6450644135475159,1
qwen3_8b,8192,0.5,26,8,0.7653921246528625,,0.6241486072540283,1
qwen3_8b,8192,0.5,26,16,0.7461031079292297,,0.5990700721740723,1
qwen3_8b,8192,0.5,26,32,0.7314919233322144,,0.5813179612159729,1
qwen3_8b,8192,0.5,26,64,0.7151046395301819,,0.5623284578323364,1
qwen3_8b,8192,0.5,26,128,0.690372109413147,,0.5353427529335022,1
qwen3_8b,8192,0.5,26,256,0.6641777753829956,,0.5100304484367371,1
qwen3_8b,8192,0.5,26,512,0.6221060752868652,,0.4719805717468261,1
qwen3_8b,8192,0.5,26,1024,0.5658057928085327,,0.4274758398532867,1
qwen3_8b,8192,0.5,27,1,0.7942689061164856,,0.6620562672615051,1
qwen3_8b,8192,0.5,27,2,0.7490472793579102,,0.6023395657539368,1
qwen3_8b,8192,0.5,27,4,0.7286544442176819,,0.5770564675331116,1
qwen3_8b,8192,0.5,27,8,0.7166932225227356,,0.5627367496490479,1
qwen3_8b,8192,0.5,27,16,0.7057812213897705,,0.5492746233940125,1
qwen3_8b,8192,0.5,27,32,0.6912931203842163,,0.5325895547866821,1
qwen3_8b,8192,0.5,27,64,0.6760578751564026,,0.5160764455795288,1
qwen3_8b,8192,0.5,27,128,0.653793215751648,,0.493068128824234,1
qwen3_8b,8192,0.5,27,256,0.6269174218177795,,0.4679873585700989,1
qwen3_8b,8192,0.5,27,512,0.590221107006073,,0.4373163282871246,1
qwen3_8b,8192,0.5,27,1024,0.5287823677062988,,0.3886668086051941,1
qwen3_8b,8192,0.5,28,1,0.8457480072975159,,0.7362073063850403,1
qwen3_8b,8192,0.5,28,2,0.8055939078330994,,0.6784636378288269,1
qwen3_8b,8192,0.5,28,4,0.7741930484771729,,0.6358234286308289,1
qwen3_8b,8192,0.5,28,8,0.7502130270004272,,0.6045883297920227,1
qwen3_8b,8192,0.5,28,16,0.7247555255889893,,0.5727267861366272,1
qwen3_8b,8192,0.5,28,32,0.7022242546081543,,0.545802652835846,1
qwen3_8b,8192,0.5,28,64,0.6831189393997192,,0.5242795348167419,1
qwen3_8b,8192,0.5,28,128,0.6444351077079773,,0.4827034771442413,1
qwen3_8b,8192,0.5,28,256,0.5996456742286682,,0.4393725097179413,1
qwen3_8b,8192,0.5,28,512,0.5525002479553223,,0.3985020816326141,1
qwen3_8b,8192,0.5,28,1024,0.4950048625469208,,0.3552916347980499,1
qwen3_8b,8192,0.5,29,1,0.8059833645820618,,0.6793126463890076,1
qwen3_8b,8192,0.5,29,2,0.7615520358085632,,0.6193234324455261,1
qwen3_8b,8192,0.5,29,4,0.7417129278182983,,0.5938863158226013,1
qwen3_8b,8192,0.5,29,8,0.7271060943603516,,0.5759134888648987,1
qwen3_8b,8192,0.5,29,16,0.7103859186172485,,0.5556662082672119,1
qwen3_8b,8192,0.5,29,32,0.6955240368843079,,0.5384783148765564,1
qwen3_8b,8192,0.5,29,64,0.6791269183158875,,0.5203036665916443,1
qwen3_8b,8192,0.5,29,128,0.6551161408424377,,0.4954414367675781,1
qwen3_8b,8192,0.5,29,256,0.6243352890014648,,0.4659153521060943,1
qwen3_8b,8192,0.5,29,512,0.58848637342453,,0.4360086917877197,1
qwen3_8b,8192,0.5,29,1024,0.5387792587280273,,0.3995247781276703,1
qwen3_8b,8192,0.5,30,1,0.8394074440002441,,0.725718080997467,1
qwen3_8b,8192,0.5,30,2,0.8045904040336609,,0.6756576895713806,1
qwen3_8b,8192,0.5,30,4,0.7872487902641296,,0.6518569588661194,1
qwen3_8b,8192,0.5,30,8,0.774653434753418,,0.6351598501205444,1
qwen3_8b,8192,0.5,30,16,0.7555662989616394,,0.6101943850517273,1
qwen3_8b,8192,0.5,30,32,0.7402938008308411,,0.5913428664207458,1
qwen3_8b,8192,0.5,30,64,0.719636857509613,,0.5668133497238159,1
qwen3_8b,8192,0.5,30,128,0.6922701597213745,,0.5365384221076965,1
qwen3_8b,8192,0.5,30,256,0.6675990223884583,,0.5128539800643921,1
qwen3_8b,8192,0.5,30,512,0.626998782157898,,0.4766176044940948,1
qwen3_8b,8192,0.5,30,1024,0.5467991828918457,,0.4066015183925628,1
qwen3_8b,8192,0.5,31,1,0.825368344783783,,0.7056632041931152,1
qwen3_8b,8192,0.5,31,2,0.7852771282196045,,0.6495482921600342,1
qwen3_8b,8192,0.5,31,4,0.7651469111442566,,0.6228796243667603,1
qwen3_8b,8192,0.5,31,8,0.7469345927238464,,0.599549412727356,1
qwen3_8b,8192,0.5,31,16,0.7230045199394226,,0.5695192217826843,1
qwen3_8b,8192,0.5,31,32,0.7036860585212708,,0.5466811060905457,1
qwen3_8b,8192,0.5,31,64,0.6846087574958801,,0.5253249406814575,1
qwen3_8b,8192,0.5,31,128,0.6551532745361328,,0.4940777420997619,1
qwen3_8b,8192,0.5,31,256,0.6310148239135742,,0.4721027016639709,1
qwen3_8b,8192,0.5,31,512,0.5932044982910156,,0.4400536119937897,1
qwen3_8b,8192,0.5,31,1024,0.5290026664733887,,0.3887187242507934,1
qwen3_8b,8192,0.5,32,1,0.835529625415802,,0.7194861173629761,1
qwen3_8b,8192,0.5,32,2,0.8009634017944336,,0.6701832413673401,1
qwen3_8b,8192,0.5,32,4,0.7827454209327698,,0.6453585624694824,1
qwen3_8b,8192,0.5,32,8,0.7682449817657471,,0.6261795163154602,1
qwen3_8b,8192,0.5,32,16,0.7497256994247437,,0.6021267175674438,1
qwen3_8b,8192,0.5,32,32,0.7397007346153259,,0.5901311039924622,1
qwen3_8b,8192,0.5,32,64,0.7129045128822327,,0.5581613183021545,1
qwen3_8b,8192,0.5,32,128,0.6927601099014282,,0.5367612242698669,1
qwen3_8b,8192,0.5,32,256,0.6739178895950317,,0.520015299320221,1
qwen3_8b,8192,0.5,32,512,0.6211845278739929,,0.4697738885879516,1
qwen3_8b,8192,0.5,32,1024,0.5520814657211304,,0.4118461012840271,1
qwen3_8b,8192,0.5,33,1,0.7902246713638306,,0.6567760705947876,1
qwen3_8b,8192,0.5,33,2,0.745252251625061,,0.5979071855545044,1
qwen3_8b,8192,0.5,33,4,0.7265287637710571,,0.5748090147972107,1
qwen3_8b,8192,0.5,33,8,0.7110052108764648,,0.5563124418258667,1
qwen3_8b,8192,0.5,33,16,0.6957314610481262,,0.5378496646881104,1
qwen3_8b,8192,0.5,33,32,0.6806230545043945,,0.520986795425415,1
qwen3_8b,8192,0.5,33,64,0.6637351512908936,,0.5025359988212585,1
qwen3_8b,8192,0.5,33,128,0.6384507417678833,,0.4766570925712585,1
qwen3_8b,8192,0.5,33,256,0.6049968004226685,,0.4450843930244446,1
qwen3_8b,8192,0.5,33,512,0.5704074501991272,,0.4169982969760895,1
qwen3_8b,8192,0.5,33,1024,0.5232957601547241,,0.3833126127719879,1
qwen3_8b,8192,0.5,34,1,0.8046244382858276,,0.6758652329444885,1
qwen3_8b,8192,0.5,34,2,0.7632104158401489,,0.6200956106185913,1
qwen3_8b,8192,0.5,34,4,0.7438483834266663,,0.5954445600509644,1
qwen3_8b,8192,0.5,34,8,0.7324227094650269,,0.5813279747962952,1
qwen3_8b,8192,0.5,34,16,0.7271667122840881,,0.5749711394309998,1
qwen3_8b,8192,0.5,34,32,0.7117316722869873,,0.5567017793655396,1
qwen3_8b,8192,0.5,34,64,0.6964630484580994,,0.5394810438156128,1
qwen3_8b,8192,0.5,34,128,0.6744478344917297,,0.5162432193756104,1
qwen3_8b,8192,0.5,34,256,0.6489371657371521,,0.4921859204769134,1
qwen3_8b,8192,0.5,34,512,0.6057040095329285,,0.4536028206348419,1
qwen3_8b,8192,0.5,34,1024,0.5421019792556763,,0.4020864963531494,1
qwen3_8b,8192,0.5,35,1,0.8581821322441101,,0.7532417178153992,1
qwen3_8b,8192,0.5,35,2,0.8236920833587646,,0.7020747661590576,1
qwen3_8b,8192,0.5,35,4,0.804431676864624,,0.6747390031814575,1
qwen3_8b,8192,0.5,35,8,0.7967061400413513,,0.6641783118247986,1
qwen3_8b,8192,0.5,35,16,0.7778865098953247,,0.6387973427772522,1
qwen3_8b,8192,0.5,35,32,0.760039210319519,,0.6158987283706665,1
qwen3_8b,8192,0.5,35,64,0.7373843193054199,,0.5882348418235779,1
qwen3_8b,8192,0.5,35,128,0.6989931464195251,,0.5438919067382812,1
qwen3_8b,8192,0.5,35,256,0.6916064023971558,,0.5406569242477417,1
qwen3_8b,8192,0.5,35,512,0.6502728462219238,,0.5026055574417114,1
qwen3_8b,8192,0.5,35,1024,0.5777159929275513,,0.4393088221549988,1
qwen3_8b,8192,0.7,0,1,0.7616533637046814,,0.6184020638465881,1
qwen3_8b,8192,0.7,0,2,0.7542699575424194,,0.6088931560516357,1
qwen3_8b,8192,0.7,0,4,0.7453777194023132,,0.5968672037124634,1
qwen3_8b,8192,0.7,0,8,0.7349939942359924,,0.5837721824645996,1
qwen3_8b,8192,0.7,0,16,0.7172746658325195,,0.5619410276412964,1
qwen3_8b,8192,0.7,0,32,0.6854749321937561,,0.5245283842086792,1
qwen3_8b,8192,0.7,0,64,0.6352196931838989,,0.4691956341266632,1
qwen3_8b,8192,0.7,0,128,0.5925317406654358,,0.4264234602451324,1
qwen3_8b,8192,0.7,0,256,0.5546781420707703,,0.3923617303371429,1
qwen3_8b,8192,0.7,0,512,0.5394931435585022,,0.3844764232635498,1
qwen3_8b,8192,0.7,0,1024,0.432008296251297,,0.295893907546997,1
qwen3_8b,8192,0.7,1,1,0.8116597533226013,,0.6861852407455444,1
qwen3_8b,8192,0.7,1,2,0.7892517447471619,,0.6550412178039551,1
qwen3_8b,8192,0.7,1,4,0.7772815227508545,,0.6388592720031738,1
qwen3_8b,8192,0.7,1,8,0.7688924074172974,,0.6276032328605652,1
qwen3_8b,8192,0.7,1,16,0.7578798532485962,,0.612996518611908,1
qwen3_8b,8192,0.7,1,32,0.7425245642662048,,0.594010591506958,1
qwen3_8b,8192,0.7,1,64,0.7322853803634644,,0.5827011466026306,1
qwen3_8b,8192,0.7,1,128,0.7085434198379517,,0.5561057329177856,1
qwen3_8b,8192,0.7,1,256,0.6744505763053894,,0.5209524035453796,1
qwen3_8b,8192,0.7,1,512,0.6084708571434021,,0.4560659229755401,1
qwen3_8b,8192,0.7,1,1024,0.5126901268959045,,0.3715683221817016,1
qwen3_8b,8192,0.7,2,1,0.7879493832588196,,0.6528605818748474,1
qwen3_8b,8192,0.7,2,2,0.7529429197311401,,0.6065244078636169,1
qwen3_8b,8192,0.7,2,4,0.7418527007102966,,0.5923191905021667,1
qwen3_8b,8192,0.7,2,8,0.729609489440918,,0.5769686698913574,1
qwen3_8b,8192,0.7,2,16,0.716336727142334,,0.5606383085250854,1
qwen3_8b,8192,0.7,2,32,0.6955567598342896,,0.5362852811813354,1
qwen3_8b,8192,0.7,2,64,0.6763185262680054,,0.5150793790817261,1
qwen3_8b,8192,0.7,2,128,0.6525061726570129,,0.4904747605323791,1
qwen3_8b,8192,0.7,2,256,0.608583390712738,,0.4471945762634277,1
qwen3_8b,8192,0.7,2,512,0.5328231453895569,,0.3778236210346222,1
qwen3_8b,8192,0.7,2,1024,0.4395039081573486,,0.3025424480438232,1
qwen3_8b,8192,0.7,3,1,0.7654401659965515,,0.6249373555183411,1
qwen3_8b,8192,0.7,3,2,0.7335754632949829,,0.5832683444023132,1
qwen3_8b,8192,0.7,3,4,0.7228956818580627,,0.5699256062507629,1
qwen3_8b,8192,0.7,3,8,0.7155020236968994,,0.5610455870628357,1
qwen3_8b,8192,0.7,3,16,0.7064653635025024,,0.5502342581748962,1
qwen3_8b,8192,0.7,3,32,0.6951073408126831,,0.5373715162277222,1
qwen3_8b,8192,0.7,3,64,0.6825421452522278,,0.5238319039344788,1
qwen3_8b,8192,0.7,3,128,0.6570484042167664,,0.4968443214893341,1
qwen3_8b,8192,0.7,3,256,0.6242944002151489,,0.4653028845787048,1
qwen3_8b,8192,0.7,3,512,0.5633907914161682,,0.4093096256256103,1
qwen3_8b,8192,0.7,3,1024,0.4799420833587646,,0.3404326140880584,1
qwen3_8b,8192,0.7,4,1,0.7520391345024109,,0.6087185144424438,1
qwen3_8b,8192,0.7,4,2,0.7245267629623413,,0.5733200311660767,1
qwen3_8b,8192,0.7,4,4,0.7174131870269775,,0.5645136833190918,1
qwen3_8b,8192,0.7,4,8,0.7108404040336609,,0.5565134286880493,1
qwen3_8b,8192,0.7,4,16,0.7012200355529785,,0.5448172092437744,1
qwen3_8b,8192,0.7,4,32,0.6878167390823364,,0.5296685099601746,1
qwen3_8b,8192,0.7,4,64,0.6739220023155212,,0.5147553086280823,1
qwen3_8b,8192,0.7,4,128,0.6499587297439575,,0.4896414577960968,1
qwen3_8b,8192,0.7,4,256,0.6152524352073669,,0.4561578929424286,1
qwen3_8b,8192,0.7,4,512,0.554149866104126,,0.4003255069255829,1
qwen3_8b,8192,0.7,4,1024,0.4630311727523803,,0.3248574733734131,1
qwen3_8b,8192,0.7,5,1,0.7983542084693909,,0.6670399904251099,1
qwen3_8b,8192,0.7,5,2,0.7663142085075378,,0.6232255101203918,1
qwen3_8b,8192,0.7,5,4,0.7448863983154297,,0.5955972075462341,1
qwen3_8b,8192,0.7,5,8,0.730582058429718,,0.5776215195655823,1
qwen3_8b,8192,0.7,5,16,0.7233679890632629,,0.5690933465957642,1
qwen3_8b,8192,0.7,5,32,0.705500066280365,,0.5481684803962708,1
qwen3_8b,8192,0.7,5,64,0.6835869550704956,,0.5236282348632812,1
qwen3_8b,8192,0.7,5,128,0.6613624691963196,,0.5005963444709778,1
qwen3_8b,8192,0.7,5,256,0.6263675689697266,,0.4666013717651367,1
qwen3_8b,8192,0.7,5,512,0.5717702507972717,,0.4172567427158355,1
qwen3_8b,8192,0.7,5,1024,0.466766357421875,,0.3277011513710022,1
qwen3_8b,8192,0.7,6,1,0.7700856328010559,,0.6295368075370789,1
qwen3_8b,8192,0.7,6,2,0.7241320610046387,,0.5705827474594116,1
qwen3_8b,8192,0.7,6,4,0.6883491277694702,,0.5275953412055969,1
qwen3_8b,8192,0.7,6,8,0.6574475765228271,,0.4922720491886139,1
qwen3_8b,8192,0.7,6,16,0.6633065342903137,,0.4990360736846924,1
qwen3_8b,8192,0.7,6,32,0.6305522322654724,,0.4635164141654968,1
qwen3_8b,8192,0.7,6,64,0.6054325699806213,,0.4379065632820129,1
qwen3_8b,8192,0.7,6,128,0.5741516351699829,,0.4079557955265045,1
qwen3_8b,8192,0.7,6,256,0.5507484078407288,,0.3885641098022461,1
qwen3_8b,8192,0.7,6,512,0.4899013340473175,,0.337380975484848,1
qwen3_8b,8192,0.7,6,1024,0.4026020169258117,,0.2705464661121368,1
qwen3_8b,8192,0.7,7,1,0.7586766481399536,,0.6142414808273315,1
qwen3_8b,8192,0.7,7,2,0.7145669460296631,,0.5584084987640381,1
qwen3_8b,8192,0.7,7,4,0.6853435039520264,,0.5235583782196045,1
qwen3_8b,8192,0.7,7,8,0.6586821675300598,,0.4931099116802215,1
qwen3_8b,8192,0.7,7,16,0.6314830183982849,,0.4634323716163635,1
qwen3_8b,8192,0.7,7,32,0.6069816946983337,,0.4381150007247925,1
qwen3_8b,8192,0.7,7,64,0.5857338309288025,,0.4173289537429809,1
qwen3_8b,8192,0.7,7,128,0.5519760251045227,,0.3858459591865539,1
qwen3_8b,8192,0.7,7,256,0.5324357151985168,,0.3704826533794403,1
qwen3_8b,8192,0.7,7,512,0.4761596620082855,,0.3246055841445923,1
qwen3_8b,8192,0.7,7,1024,0.4015314877033233,,0.269420713186264,1
qwen3_8b,8192,0.7,8,1,0.7469151616096497,,0.602870523929596,1
qwen3_8b,8192,0.7,8,2,0.692095935344696,,0.5359442830085754,1
qwen3_8b,8192,0.7,8,4,0.6609192490577698,,0.5003547072410583,1
qwen3_8b,8192,0.7,8,8,0.6422449350357056,,0.479768693447113,1
qwen3_8b,8192,0.7,8,16,0.6262372732162476,,0.4615568518638611,1
qwen3_8b,8192,0.7,8,32,0.6087759137153625,,0.443759024143219,1
qwen3_8b,8192,0.7,8,64,0.5912554860115051,,0.4262638986110687,1
qwen3_8b,8192,0.7,8,128,0.5643711090087891,,0.4005430936813354,1
qwen3_8b,8192,0.7,8,256,0.5282038450241089,,0.3688964247703552,1
qwen3_8b,8192,0.7,8,512,0.4743755757808685,,0.3250223696231842,1
qwen3_8b,8192,0.7,8,1024,0.3910268545150757,,0.2618854343891144,1
qwen3_8b,8192,0.7,9,1,0.7194885611534119,,0.5685293078422546,1
qwen3_8b,8192,0.7,9,2,0.6727614402770996,,0.513182520866394,1
qwen3_8b,8192,0.7,9,4,0.6510721445083618,,0.4884440004825592,1
qwen3_8b,8192,0.7,9,8,0.632737934589386,,0.46822389960289,1
qwen3_8b,8192,0.7,9,16,0.6165597438812256,,0.4507495462894439,1
qwen3_8b,8192,0.7,9,32,0.5989204049110413,,0.432825893163681,1
qwen3_8b,8192,0.7,9,64,0.5764836072921753,,0.4108764231204986,1
qwen3_8b,8192,0.7,9,128,0.5540528893470764,,0.3904689848423004,1
qwen3_8b,8192,0.7,9,256,0.5170599222183228,,0.3585708737373352,1
qwen3_8b,8192,0.7,9,512,0.4709453582763672,,0.3220405280590057,1
qwen3_8b,8192,0.7,9,1024,0.4096072912216186,,0.2781369388103485,1
qwen3_8b,8192,0.7,10,1,0.7940067648887634,,0.664253830909729,1
qwen3_8b,8192,0.7,10,2,0.7599495053291321,,0.6186152100563049,1
qwen3_8b,8192,0.7,10,4,0.7438021898269653,,0.5974159836769104,1
qwen3_8b,8192,0.7,10,8,0.7314760684967041,,0.5816904902458191,1
qwen3_8b,8192,0.7,10,16,0.7197996377944946,,0.5672352910041809,1
qwen3_8b,8192,0.7,10,32,0.7039024233818054,,0.548477292060852,1
qwen3_8b,8192,0.7,10,64,0.6823700070381165,,0.5240846872329712,1
qwen3_8b,8192,0.7,10,128,0.6528186798095703,,0.4924450516700744,1
qwen3_8b,8192,0.7,10,256,0.6126455664634705,,0.4528879821300506,1
qwen3_8b,8192,0.7,10,512,0.5386176109313965,,0.3846514225006103,1
qwen3_8b,8192,0.7,10,1024,0.4218512177467346,,0.2876597046852112,1
qwen3_8b,8192,0.7,11,1,0.8030365109443665,,0.6750431060791016,1
qwen3_8b,8192,0.7,11,2,0.7718420028686523,,0.632255494594574,1
qwen3_8b,8192,0.7,11,4,0.753652036190033,,0.6083139181137085,1
qwen3_8b,8192,0.7,11,8,0.7370687127113342,,0.5870910286903381,1
qwen3_8b,8192,0.7,11,16,0.7170745134353638,,0.5621879696846008,1
qwen3_8b,8192,0.7,11,32,0.693173348903656,,0.5340994596481323,1
qwen3_8b,8192,0.7,11,64,0.6800919771194458,,0.5200744271278381,1
qwen3_8b,8192,0.7,11,128,0.6393842697143555,,0.4764343500137329,1
qwen3_8b,8192,0.7,11,256,0.6132965683937073,,0.4529277384281158,1
qwen3_8b,8192,0.7,11,512,0.543505847454071,,0.3890401124954223,1
qwen3_8b,8192,0.7,11,1024,0.43657386302948,,0.3004210293292999,1
qwen3_8b,8192,0.7,12,1,0.7169815301895142,,0.5649559497833252,1
qwen3_8b,8192,0.7,12,2,0.6598986387252808,,0.4984453618526459,1
qwen3_8b,8192,0.7,12,4,0.6332522630691528,,0.4698730111122131,1
qwen3_8b,8192,0.7,12,8,0.6165777444839478,,0.4525775015354156,1
qwen3_8b,8192,0.7,12,16,0.6028562784194946,,0.4373891055583954,1
qwen3_8b,8192,0.7,12,32,0.584729790687561,,0.4199033677577972,1
qwen3_8b,8192,0.7,12,64,0.567274272441864,,0.4028099477291107,1
qwen3_8b,8192,0.7,12,128,0.5430956482887268,,0.3808392584323883,1
qwen3_8b,8192,0.7,12,256,0.5034392476081848,,0.346578985452652,1
qwen3_8b,8192,0.7,12,512,0.4532992839813232,,0.3071135580539703,1
qwen3_8b,8192,0.7,12,1024,0.3958480060100555,,0.2666690349578857,1
qwen3_8b,8192,0.7,13,1,0.7486713528633118,,0.6030265092849731,1
qwen3_8b,8192,0.7,13,2,0.6940228939056396,,0.5366759300231934,1
qwen3_8b,8192,0.7,13,4,0.6569952964782715,,0.4946109056472778,1
qwen3_8b,8192,0.7,13,8,0.6283890604972839,,0.4633604884147644,1
qwen3_8b,8192,0.7,13,16,0.6041920781135559,,0.4374995529651642,1
qwen3_8b,8192,0.7,13,32,0.581718385219574,,0.4152466356754303,1
qwen3_8b,8192,0.7,13,64,0.5623502135276794,,0.3966577351093292,1
qwen3_8b,8192,0.7,13,128,0.5296618342399597,,0.3667607605457306,1
qwen3_8b,8192,0.7,13,256,0.4891905784606933,,0.3327988982200622,1
qwen3_8b,8192,0.7,13,512,0.436698317527771,,0.2921753823757171,1
qwen3_8b,8192,0.7,13,1024,0.3868998289108276,,0.2586538791656494,1
qwen3_8b,8192,0.7,14,1,0.7687116861343384,,0.6294879913330078,1
qwen3_8b,8192,0.7,14,2,0.725380539894104,,0.5745964050292969,1
qwen3_8b,8192,0.7,14,4,0.6908977627754211,,0.5334238409996033,1
qwen3_8b,8192,0.7,14,8,0.6630271077156067,,0.501406192779541,1
qwen3_8b,8192,0.7,14,16,0.6378209590911865,,0.4732590615749359,1
qwen3_8b,8192,0.7,14,32,0.6135502457618713,,0.4477548897266388,1
qwen3_8b,8192,0.7,14,64,0.5947898030281067,,0.4290841817855835,1
qwen3_8b,8192,0.7,14,128,0.5653007626533508,,0.4009835422039032,1
qwen3_8b,8192,0.7,14,256,0.517791748046875,,0.3590846657752991,1
qwen3_8b,8192,0.7,14,512,0.4583176076412201,,0.3107181787490845,1
qwen3_8b,8192,0.7,14,1024,0.3942956328392029,,0.2645130157470703,1
qwen3_8b,8192,0.7,15,1,0.7360205054283142,,0.5879970192909241,1
qwen3_8b,8192,0.7,15,2,0.6906483173370361,,0.5333678126335144,1
qwen3_8b,8192,0.7,15,4,0.6577340364456177,,0.4961197972297668,1
qwen3_8b,8192,0.7,15,8,0.6267982721328735,,0.462076872587204,1
qwen3_8b,8192,0.7,15,16,0.5979136228561401,,0.4315677583217621,1
qwen3_8b,8192,0.7,15,32,0.5695690512657166,,0.4033204913139343,1
qwen3_8b,8192,0.7,15,64,0.5396392941474915,,0.3749013841152191,1
qwen3_8b,8192,0.7,15,128,0.5054023861885071,,0.3446975946426391,1
qwen3_8b,8192,0.7,15,256,0.4623348712921142,,0.3094731271266937,1
qwen3_8b,8192,0.7,15,512,0.4194700419902801,,0.277575820684433,1
qwen3_8b,8192,0.7,15,1024,0.3689066767692566,,0.2437619566917419,1
qwen3_8b,8192,0.7,16,1,0.7754383087158203,,0.6388464570045471,1
qwen3_8b,8192,0.7,16,2,0.7414068579673767,,0.5952931046485901,1
qwen3_8b,8192,0.7,16,4,0.7185867428779602,,0.5672233700752258,1
qwen3_8b,8192,0.7,16,8,0.6946654319763184,,0.5385351777076721,1
qwen3_8b,8192,0.7,16,16,0.6706336736679077,,0.5104242563247681,1
qwen3_8b,8192,0.7,16,32,0.6437216401100159,,0.4806854128837585,1
qwen3_8b,8192,0.7,16,64,0.6178722977638245,,0.4536559879779815,1
qwen3_8b,8192,0.7,16,128,0.5811799764633179,,0.417506605386734,1
qwen3_8b,8192,0.7,16,256,0.5319342613220215,,0.3729979395866394,1
qwen3_8b,8192,0.7,16,512,0.4781747162342071,,0.3286109268665313,1
qwen3_8b,8192,0.7,16,1024,0.4116598963737488,,0.279498279094696,1
qwen3_8b,8192,0.7,17,1,0.7460390329360962,,0.6006739735603333,1
qwen3_8b,8192,0.7,17,2,0.691421627998352,,0.5343034267425537,1
qwen3_8b,8192,0.7,17,4,0.6427204608917236,,0.4793484807014465,1
qwen3_8b,8192,0.7,17,8,0.6085876226425171,,0.4428054392337799,1
qwen3_8b,8192,0.7,17,16,0.6136834621429443,,0.4487657248973846,1
qwen3_8b,8192,0.7,17,32,0.5774527788162231,,0.411990076303482,1
qwen3_8b,8192,0.7,17,64,0.5477835536003113,,0.3833349943161011,1
qwen3_8b,8192,0.7,17,128,0.515835702419281,,0.3546822369098663,1
qwen3_8b,8192,0.7,17,256,0.4696504771709442,,0.3165058493614197,1
qwen3_8b,8192,0.7,17,512,0.4274219572544098,,0.2846605181694031,1
qwen3_8b,8192,0.7,17,1024,0.3810497224330902,,0.2540514767169952,1
qwen3_8b,8192,0.7,18,1,0.7784950137138367,,0.6442264318466187,1
qwen3_8b,8192,0.7,18,2,0.7464097738265991,,0.6029492616653442,1
qwen3_8b,8192,0.7,18,4,0.7190667390823364,,0.5692359805107117,1
qwen3_8b,8192,0.7,18,8,0.6893301010131836,,0.5339511036872864,1
qwen3_8b,8192,0.7,18,16,0.6582372188568115,,0.4981950223445892,1
qwen3_8b,8192,0.7,18,32,0.6244208216667175,,0.4612326323986053,1
qwen3_8b,8192,0.7,18,64,0.5944063663482666,,0.430475652217865,1
qwen3_8b,8192,0.7,18,128,0.5479055047035217,,0.3860553801059723,1
qwen3_8b,8192,0.7,18,256,0.4934611320495605,,0.3396344780921936,1
qwen3_8b,8192,0.7,18,512,0.4415255784988403,,0.2977652251720428,1
qwen3_8b,8192,0.7,18,1024,0.3837006390094757,,0.2570257484912872,1
qwen3_8b,8192,0.7,19,1,0.7641359567642212,,0.6237397193908691,1
qwen3_8b,8192,0.7,19,2,0.7231560349464417,,0.5722395181655884,1
qwen3_8b,8192,0.7,19,4,0.6963047981262207,,0.5399186611175537,1
qwen3_8b,8192,0.7,19,8,0.6729167699813843,,0.5127891302108765,1
qwen3_8b,8192,0.7,19,16,0.6474534869194031,,0.4839428067207336,1
qwen3_8b,8192,0.7,19,32,0.6209626793861389,,0.4557230770587921,1
qwen3_8b,8192,0.7,19,64,0.5948734879493713,,0.4291283190250397,1
qwen3_8b,8192,0.7,19,128,0.5575569272041321,,0.3936980068683624,1
qwen3_8b,8192,0.7,19,256,0.5169873237609863,,0.3584639132022857,1
qwen3_8b,8192,0.7,19,512,0.465783953666687,,0.3172959983348846,1
qwen3_8b,8192,0.7,19,1024,0.3934910297393799,,0.2640889286994934,1
qwen3_8b,8192,0.7,20,1,0.7181914448738098,,0.5654932856559753,1
qwen3_8b,8192,0.7,20,2,0.6579071879386902,,0.4957534372806549,1
qwen3_8b,8192,0.7,20,4,0.6159433722496033,,0.4505981802940368,1
qwen3_8b,8192,0.7,20,8,0.5835022330284119,,0.4177916646003723,1
qwen3_8b,8192,0.7,20,16,0.5511140823364258,,0.3854031860828399,1
qwen3_8b,8192,0.7,20,32,0.5174177885055542,,0.3542726039886474,1
qwen3_8b,8192,0.7,20,64,0.4877870678901672,,0.3279360830783844,1
qwen3_8b,8192,0.7,20,128,0.4458899199962616,,0.2931121587753296,1
qwen3_8b,8192,0.7,20,256,0.4003286361694336,,0.2581787407398224,1
qwen3_8b,8192,0.7,20,512,0.3579367697238922,,0.2281139940023422,1
qwen3_8b,8192,0.7,20,1024,0.3102471232414245,,0.1975961476564407,1
qwen3_8b,8192,0.7,21,1,0.7784567475318909,,0.6437506079673767,1
qwen3_8b,8192,0.7,21,2,0.7310621738433838,,0.5835368633270264,1
qwen3_8b,8192,0.7,21,4,0.6891111135482788,,0.533263623714447,1
qwen3_8b,8192,0.7,21,8,0.6516680121421814,,0.4906297028064728,1
qwen3_8b,8192,0.7,21,16,0.613525927066803,,0.4492571353912353,1
qwen3_8b,8192,0.7,21,32,0.5787402987480164,,0.413946121931076,1
qwen3_8b,8192,0.7,21,64,0.5488724708557129,,0.3850362300872803,1
qwen3_8b,8192,0.7,21,128,0.5008363723754883,,0.3419839739799499,1
qwen3_8b,8192,0.7,21,256,0.4450306296348572,,0.2965028584003448,1
qwen3_8b,8192,0.7,21,512,0.3888885080814361,,0.2537175416946411,1
qwen3_8b,8192,0.7,21,1024,0.3475561738014221,,0.2271308749914169,1
qwen3_8b,8192,0.7,22,1,0.7607373595237732,,0.6193686723709106,1
qwen3_8b,8192,0.7,22,2,0.6999998092651367,,0.5449197292327881,1
qwen3_8b,8192,0.7,22,4,0.6686398983001709,,0.5087458491325378,1
qwen3_8b,8192,0.7,22,8,0.6500722169876099,,0.4885174930095672,1
qwen3_8b,8192,0.7,22,16,0.624576985836029,,0.4601565897464752,1
qwen3_8b,8192,0.7,22,32,0.6025806069374084,,0.4373626410961151,1
qwen3_8b,8192,0.7,22,64,0.5799433588981628,,0.4149148464202881,1
qwen3_8b,8192,0.7,22,128,0.5459173917770386,,0.3831575512886047,1
qwen3_8b,8192,0.7,22,256,0.5060481429100037,,0.3489241003990173,1
qwen3_8b,8192,0.7,22,512,0.4529026746749878,,0.3065536320209503,1
qwen3_8b,8192,0.7,22,1024,0.3803148567676544,,0.2533208429813385,1
qwen3_8b,8192,0.7,23,1,0.8209815621376038,,0.7022632956504822,1
qwen3_8b,8192,0.7,23,2,0.7772950530052185,,0.6425908803939819,1
qwen3_8b,8192,0.7,23,4,0.7381343245506287,,0.5919771194458008,1
qwen3_8b,8192,0.7,23,8,0.7037306427955627,,0.5496412515640259,1
qwen3_8b,8192,0.7,23,16,0.6652303338050842,,0.5046810507774353,1
qwen3_8b,8192,0.7,23,32,0.6290714144706726,,0.4649783670902252,1
qwen3_8b,8192,0.7,23,64,0.5941692590713501,,0.4289253056049347,1
qwen3_8b,8192,0.7,23,128,0.5513662695884705,,0.388264387845993,1
qwen3_8b,8192,0.7,23,256,0.5016021132469177,,0.34554523229599,1
qwen3_8b,8192,0.7,23,512,0.4390746057033539,,0.2946707904338836,1
qwen3_8b,8192,0.7,23,1024,0.3733345568180084,,0.2473553419113159,1
qwen3_8b,8192,0.7,24,1,0.7914189696311951,,0.660923957824707,1
qwen3_8b,8192,0.7,24,2,0.7413517236709595,,0.5955730676651001,1
qwen3_8b,8192,0.7,24,4,0.707353949546814,,0.5538293123245239,1
qwen3_8b,8192,0.7,24,8,0.6811400055885315,,0.5231419205665588,1
qwen3_8b,8192,0.7,24,16,0.6501192450523376,,0.487925261259079,1
qwen3_8b,8192,0.7,24,32,0.6238152384757996,,0.4596509635448456,1
qwen3_8b,8192,0.7,24,64,0.5938888192176819,,0.4289340376853943,1
qwen3_8b,8192,0.7,24,128,0.5516910552978516,,0.3889673352241516,1
qwen3_8b,8192,0.7,24,256,0.503537118434906,,0.3473906517028808,1
qwen3_8b,8192,0.7,24,512,0.4525560438632965,,0.3065264523029327,1
qwen3_8b,8192,0.7,24,1024,0.3879894614219665,,0.2595167756080627,1
qwen3_8b,8192,0.7,25,1,0.804330050945282,,0.6768433451652527,1
qwen3_8b,8192,0.7,25,2,0.7551486492156982,,0.6112010478973389,1
qwen3_8b,8192,0.7,25,4,0.7197689414024353,,0.5668719410896301,1
qwen3_8b,8192,0.7,25,8,0.6972663402557373,,0.5400768518447876,1
qwen3_8b,8192,0.7,25,16,0.6756877303123474,,0.5146828889846802,1
qwen3_8b,8192,0.7,25,32,0.649691641330719,,0.4858033359050751,1
qwen3_8b,8192,0.7,25,64,0.6218358874320984,,0.4564725756645202,1
qwen3_8b,8192,0.7,25,128,0.5912458896636963,,0.42661052942276,1
qwen3_8b,8192,0.7,25,256,0.5500462651252747,,0.3893696367740631,1
qwen3_8b,8192,0.7,25,512,0.4840743839740753,,0.3331493139266968,1
qwen3_8b,8192,0.7,25,1024,0.3920515179634094,,0.2621580362319946,1
qwen3_8b,8192,0.7,26,1,0.7667656540870667,,0.6286671161651611,1
qwen3_8b,8192,0.7,26,2,0.7127453088760376,,0.5606447458267212,1
qwen3_8b,8192,0.7,26,4,0.6810471415519714,,0.5229654908180237,1
qwen3_8b,8192,0.7,26,8,0.6578346490859985,,0.4968771636486053,1
qwen3_8b,8192,0.7,26,16,0.6304134130477905,,0.4663307070732116,1
qwen3_8b,8192,0.7,26,32,0.6091833114624023,,0.4442474544048309,1
qwen3_8b,8192,0.7,26,64,0.5876360535621643,,0.4227465391159057,1
qwen3_8b,8192,0.7,26,128,0.5540045499801636,,0.3910869061946869,1
qwen3_8b,8192,0.7,26,256,0.5189127922058105,,0.3607250154018402,1
qwen3_8b,8192,0.7,26,512,0.4688605368137359,,0.3204739987850189,1
qwen3_8b,8192,0.7,26,1024,0.4078519642353058,,0.2767278552055359,1
qwen3_8b,8192,0.7,27,1,0.7002854943275452,,0.5445651412010193,1
qwen3_8b,8192,0.7,27,2,0.6366634964942932,,0.4726844727993011,1
qwen3_8b,8192,0.7,27,4,0.6095835566520691,,0.444591224193573,1
qwen3_8b,8192,0.7,27,8,0.5933659672737122,,0.4283696711063385,1
qwen3_8b,8192,0.7,27,16,0.5790867209434509,,0.4130154252052307,1
qwen3_8b,8192,0.7,27,32,0.5598260760307312,,0.3943357765674591,1
qwen3_8b,8192,0.7,27,64,0.5394636392593384,,0.3754248917102813,1
qwen3_8b,8192,0.7,27,128,0.5096301436424255,,0.3487673103809356,1
qwen3_8b,8192,0.7,27,256,0.4748253226280212,,0.3201152384281158,1
qwen3_8b,8192,0.7,27,512,0.4302867352962494,,0.2865836918354034,1
qwen3_8b,8192,0.7,27,1024,0.3670215606689453,,0.2422740757465362,1
qwen3_8b,8192,0.7,28,1,0.7858847379684448,,0.6530670523643494,1
qwen3_8b,8192,0.7,28,2,0.730165421962738,,0.5812105536460876,1
qwen3_8b,8192,0.7,28,4,0.6860331892967224,,0.528570830821991,1
qwen3_8b,8192,0.7,28,8,0.6532286405563354,,0.4914814829826355,1
qwen3_8b,8192,0.7,28,16,0.6197806596755981,,0.4552001059055328,1
qwen3_8b,8192,0.7,28,32,0.5900734663009644,,0.4245472252368927,1
qwen3_8b,8192,0.7,28,64,0.5664380192756653,,0.4012120068073272,1
qwen3_8b,8192,0.7,28,128,0.5183057188987732,,0.3568672239780426,1
qwen3_8b,8192,0.7,28,256,0.4618275165557861,,0.309599220752716,1
qwen3_8b,8192,0.7,28,512,0.4035998284816742,,0.2644680738449096,1
qwen3_8b,8192,0.7,28,1024,0.3334726095199585,,0.2156226933002472,1
qwen3_8b,8192,0.7,29,1,0.7142018675804138,,0.5629355907440186,1
qwen3_8b,8192,0.7,29,2,0.6492851972579956,,0.4876889288425445,1
qwen3_8b,8192,0.7,29,4,0.6194245219230652,,0.4555655121803283,1
qwen3_8b,8192,0.7,29,8,0.5976829528808594,,0.4333473443984985,1
qwen3_8b,8192,0.7,29,16,0.5738573670387268,,0.4091551303863525,1
qwen3_8b,8192,0.7,29,32,0.552011251449585,,0.3880708515644073,1
qwen3_8b,8192,0.7,29,64,0.5301035642623901,,0.3675384521484375,1
qwen3_8b,8192,0.7,29,128,0.4968147277832031,,0.3384257555007934,1
qwen3_8b,8192,0.7,29,256,0.4563350081443786,,0.3049562573432922,1
qwen3_8b,8192,0.7,29,512,0.4146284162998199,,0.2741767168045044,1
qwen3_8b,8192,0.7,29,1024,0.3670764565467834,,0.2431028634309768,1
qwen3_8b,8192,0.7,30,1,0.7694703340530396,,0.6294495463371277,1
qwen3_8b,8192,0.7,30,2,0.7199186086654663,,0.5665209293365479,1
qwen3_8b,8192,0.7,30,4,0.6960243582725525,,0.5379788875579834,1
qwen3_8b,8192,0.7,30,8,0.6783074736595154,,0.5176257491111755,1
qwen3_8b,8192,0.7,30,16,0.6523539423942566,,0.4881322681903839,1
qwen3_8b,8192,0.7,30,32,0.6309157013893127,,0.465274453163147,1
qwen3_8b,8192,0.7,30,64,0.6047384738922119,,0.4382508099079132,1
qwen3_8b,8192,0.7,30,128,0.5701079964637756,,0.4051099121570587,1
qwen3_8b,8192,0.7,30,256,0.5344683527946472,,0.3736783564090729,1
qwen3_8b,8192,0.7,30,512,0.4825282096862793,,0.3315196335315704,1
qwen3_8b,8192,0.7,30,1024,0.40483158826828,,0.2729830145835876,1
qwen3_8b,8192,0.7,31,1,0.7502307891845703,,0.6057217121124268,1
qwen3_8b,8192,0.7,31,2,0.6940401196479797,,0.5366739630699158,1
qwen3_8b,8192,0.7,31,4,0.6673696637153625,,0.5062985420227051,1
qwen3_8b,8192,0.7,31,8,0.6433979272842407,,0.4800033271312713,1
qwen3_8b,8192,0.7,31,16,0.6134682893753052,,0.4475330114364624,1
qwen3_8b,8192,0.7,31,32,0.5891687273979187,,0.4228231012821197,1
qwen3_8b,8192,0.7,31,64,0.5657317042350769,,0.400010347366333,1
qwen3_8b,8192,0.7,31,128,0.5287750959396362,,0.3660710752010345,1
qwen3_8b,8192,0.7,31,256,0.4961608350276947,,0.338971346616745,1
qwen3_8b,8192,0.7,31,512,0.4490369856357574,,0.3023267090320587,1
qwen3_8b,8192,0.7,31,1024,0.3777375817298889,,0.2509891390800476,1
qwen3_8b,8192,0.7,32,1,0.7599390149116516,,0.6164207458496094,1
qwen3_8b,8192,0.7,32,2,0.7105025053024292,,0.5547357201576233,1
qwen3_8b,8192,0.7,32,4,0.6859583258628845,,0.5258039236068726,1
qwen3_8b,8192,0.7,32,8,0.6656091809272766,,0.5026423931121826,1
qwen3_8b,8192,0.7,32,16,0.6405783891677856,,0.4746476113796234,1
qwen3_8b,8192,0.7,32,32,0.6270850300788879,,0.4605975151062011,1
qwen3_8b,8192,0.7,32,64,0.5910435318946838,,0.4236862063407898,1
qwen3_8b,8192,0.7,32,128,0.5655416250228882,,0.4000450074672699,1
qwen3_8b,8192,0.7,32,256,0.5393358469009399,,0.3779732286930084,1
qwen3_8b,8192,0.7,32,512,0.4750853776931762,,0.3242239356040954,1
qwen3_8b,8192,0.7,32,1024,0.4060226082801819,,0.2736703157424927,1
qwen3_8b,8192,0.7,33,1,0.6969464421272278,,0.5409285426139832,1
qwen3_8b,8192,0.7,33,2,0.6327765583992004,,0.4692515730857849,1
qwen3_8b,8192,0.7,33,4,0.6080436706542969,,0.4435786604881286,1
qwen3_8b,8192,0.7,33,8,0.5870722532272339,,0.4227648079395294,1
qwen3_8b,8192,0.7,33,16,0.5658048987388611,,0.4008212387561798,1
qwen3_8b,8192,0.7,33,32,0.5446807742118835,,0.3810320794582367,1
qwen3_8b,8192,0.7,33,64,0.5230374336242676,,0.3607983887195587,1
qwen3_8b,8192,0.7,33,128,0.4903437197208404,,0.3323312401771545,1
qwen3_8b,8192,0.7,33,256,0.4492264091968536,,0.2987959086894989,1
qwen3_8b,8192,0.7,33,512,0.4131991863250732,,0.2728022038936615,1
qwen3_8b,8192,0.7,33,1024,0.3697753548622131,,0.2448166608810424,1
qwen3_8b,8192,0.7,34,1,0.7185190916061401,,0.565220057964325,1
qwen3_8b,8192,0.7,34,2,0.6589229702949524,,0.4960897564888,1
qwen3_8b,8192,0.7,34,4,0.6313710808753967,,0.4663993716239929,1
qwen3_8b,8192,0.7,34,8,0.6157835125923157,,0.4501883089542389,1
qwen3_8b,8192,0.7,34,16,0.6107560396194458,,0.4447721242904663,1
qwen3_8b,8192,0.7,34,32,0.5883804559707642,,0.422145128250122,1
qwen3_8b,8192,0.7,34,64,0.5673717260360718,,0.4016132354736328,1
qwen3_8b,8192,0.7,34,128,0.5383022427558899,,0.3750439882278442,1
qwen3_8b,8192,0.7,34,256,0.5040760636329651,,0.3460772335529327,1
qwen3_8b,8192,0.7,34,512,0.4550139904022217,,0.3075129687786102,1
qwen3_8b,8192,0.7,34,1024,0.3896809220314026,,0.260587066411972,1
qwen3_8b,8192,0.7,35,1,0.8089820742607117,,0.6818572282791138,1
qwen3_8b,8192,0.7,35,2,0.7619909048080444,,0.618375837802887,1
qwen3_8b,8192,0.7,35,4,0.7348281741142273,,0.5836759805679321,1
qwen3_8b,8192,0.7,35,8,0.7247370481491089,,0.5712841153144836,1
qwen3_8b,8192,0.7,35,16,0.69913250207901,,0.5403859615325928,1
qwen3_8b,8192,0.7,35,32,0.6763832569122314,,0.5143263339996338,1
qwen3_8b,8192,0.7,35,64,0.648151695728302,,0.483580470085144,1
qwen3_8b,8192,0.7,35,128,0.5992591381072998,,0.4334038197994232,1
qwen3_8b,8192,0.7,35,256,0.5893902778625488,,0.4272816479206085,1
qwen3_8b,8192,0.7,35,512,0.5351821780204773,,0.3804830014705658,1
qwen3_8b,8192,0.7,35,1024,0.4368309378623962,,0.300410121679306,1
